Workbook

Sheet Anleitung
A1: KV-Monitoring — Normen und Prüfanforderungen
A2: Stand: Stammdaten aus KV-Monitoring.html (Commit dd4251e)
A4: Blatt | B4: Zeilen | C4: Was drinsteht
A5: Normen | B5: 121 | C5: Alle Normen und Prüfprogramme mit Typ, Prüfungsart, SAP-Code, Preis, Kennzeichnungs-/BDA-Kennzeichen und Bemerkung. „Verwendet in PG“ zählt per Formel, in wie vielen Prüfgrundlagen die Norm steckt — 0 heißt: nirgends referenziert.
A6: Anwendungsbereiche | B6: 28 | C6: Untergliederung einzelner Normen (z. B. „Filigrane Tische“) mit eigenem Preis.
A7: Prüfanforderungen | B7: 179 | C7: Die Arbeitsliste: eine Zeile je geforderter Prüfung — Produkt × Norm × Prüfblock, mit Kosten für die 1. Prüfung und je weiterem Produkt. Leere Kosten sind gelb hinterlegt (im Tool „Preis auf Anfrage“).
A8: Prüfgrundlagen | B8: 185 | C8: Eine Zeile je Produkt, mit Anzahl Muster, Bearbeitungsdauer und den drei Blöcken Sicherheit/Norm, FFU und NGO/StiWa. Die Summenspalten sind Formeln über das Blatt „Prüfanforderungen“. Die Spalte „Status“ markiert gelb, wo noch etwas fehlt: keine Norm zugeordnet oder 0 € hinterlegt.
A9: MAK-Anforderungen | B9: 193 | C9: Der LIDL-Materialanforderungskatalog mit Anforderung, Norm EU/US und Mindest-Prüfnachweis.
A12: Funktionen in dieser Datei
A13: • | C13: Jede Kopfzeile hat einen Autofilter samt Suchfeld — das ersetzt die Filterkette Bereich → Warengruppe → Produkt und die Volltextsuche des Tools.
A14: • | C14: Die Kopfzeile ist fixiert; beim Scrollen bleiben die Spaltentitel stehen.
A15: • | C15: Summen und Zählungen stehen als Formeln (SUMIFS/COUNTIFS) in der Datei, nicht als eingefrorene Werte — wer eine Kostenzeile ändert, sieht die neue Blocksumme sofort.
A16: • | C16: „Preis auf Anfrage“ entsteht wie im Tool: hat keine einzige Norm eines Blocks einen Betrag, steht dort kein 0 €, sondern der Text.
A17: • | C17: Die technischen IDs stehen in ausgeblendeten Spalten (Normen: Q, Prüfanforderungen: P, Prüfgrundlagen: V). Sie verknüpfen die Blätter — bitte nicht löschen, sonst brechen die Formeln.
A18: • | C18: Die Datei ist ein Auszug zum Lesen, Filtern und Weitergeben. Gepflegt wird weiterhin im Tool: Änderungen hier fließen nicht zurück.

Sheet Normen
A1: Alle Normen und Prüfprogramme aus dem Reiter „Normen“. Kopfzeile filtern/sortieren wie gewohnt; „Verwendet in PG“ zählt live, in wie vielen Prüfgrundlagen die Norm referenziert ist.
A2: Norm / Prüfprogramm | B2: Titel | C2: Typ | D2: Prüfungsart | E2: SAP-Code | F2: Preis | G2: Kennz. | H2: BDA | I2: LIDL-Block | J2: Anw.-bereiche | K2: Anwendungsbereiche | L2: Bemerkung | M2: PDF-Datei | N2: Hochgeladen | O2: Volltext | P2: Verwendet in PG | Q2: ID
A3: 004_PPM_FFU | C3: FFU-Prüfprogramm (PPM_FFU) | G3: Nein | H3: Nein | I3: sicherheitNorm | J3: 0 | O3: Nein | P3: =COUNTIF(Prüfanforderungen!$G$3:$G$181,$A3) -> 1 | Q3: 5c4e2c8f-7c83-4357-861a-685d033cad40
A4: 038_PPM_FFU | C4: FFU-Prüfprogramm (PPM_FFU) | G4: Nein | H4: Nein | I4: sicherheitNorm | J4: 0 | O4: Nein | P4: =COUNTIF(Prüfanforderungen!$G$3:$G$181,$A4) -> 1 | Q4: de17f5f0-3630-4b44-973e-107fdeefaafd
A5: 064_PPM | C5: Prüfprogramm (PPM) | G5: Nein | H5: Nein | I5: sicherheitNorm | J5: 0 | O5: Nein | P5: =COUNTIF(Prüfanforderungen!$G$3:$G$181,$A5) -> 1 | Q5: 85202135-425b-497e-a036-dfb3fdc19489
A6: 102_PPM | C6: Prüfprogramm (PPM) | G6: Nein | H6: Nein | I6: sicherheitNorm | J6: 0 | L6: PSA beachten! | ggf. EE | Multiwinkel / Lineal / Zollstock / usw. | nicht trivial, wenn Verwendung auf Herd möglich | HG | O6: Nein | P6: =COUNTIF(Prüfanforderungen!$G$3:$G$181,$A6) -> 70 | Q6: 3256bf4d-e3db-4546-baa1-2197c227fc2f
A7: 102_PPM in Anlehnung an EK5.2 PA 80-4.2.1 -> Punkt 2 -> Punkt 3 (ohne 3.6) -> Punkt 4.1 | C7: Prüfprogramm (PPM) | G7: Nein | H7: Nein | I7: sicherheitNorm | J7: 0 | L7: ggf. Auslobung nach DIN 6439 DIN 6440 & DIN 6441 DIN 7216 | O7: Nein | P7: =COUNTIF(Prüfanforderungen!$G$3:$G$181,$A7) -> 1 | Q7: 20761c1b-d111-4943-b1d9-e11656799d04
A8: 102_PPM + Belastungsprüfung | C8: Prüfprogramm (PPM) | G8: Nein | H8: Nein | I8: sicherheitNorm | J8: 0 | O8: Nein | P8: =COUNTIF(Prüfanforderungen!$G$3:$G$181,$A8) -> 1 | Q8: fa0a5f3f-754a-4ba8-93a4-c2dbeda77b95
A9: 102_PPM + Belastungsprüfung (1,5-fache Nennlast für 60min.) | C9: Prüfprogramm (PPM) | G9: Nein | H9: Nein | I9: sicherheitNorm | J9: 0 | L9: für alle Eimer, die auf einer Baustelle verwendet werden können | O9: Nein | P9: =COUNTIF(Prüfanforderungen!$G$3:$G$181,$A9) -> 1 | Q9: e2fa8876-d62b-476a-811a-d17570291269
A10: 102_PPM + Zugprüfung in Anlehnung an DIN EN ISO 2307 | C10: Prüfprogramm (PPM) | G10: Nein | H10: Nein | I10: sicherheitNorm | J10: 0 | O10: Nein | P10: =COUNTIF(Prüfanforderungen!$G$3:$G$181,$A10) -> 1 | Q10: a0b303e2-e5d4-4d78-9348-947103a562fe
A11: 102_PPM in Anlehnung an DIN EN 71-1 | C11: Prüfprogramm (PPM) | G11: Nein | H11: Nein | I11: sicherheitNorm | J11: 0 | O11: Nein | P11: =COUNTIF(Prüfanforderungen!$G$3:$G$181,$A11) -> 1 | Q11: 0a02560c-7778-4400-ad87-0709f2a4825e
A12: 102_PPM_TGS_REV_B mit Belastung in Anlehnung an HHJ126550_PPM_TGS_V5_Pet Leash | C12: Norm (extern) | G12: Nein | H12: Nein | I12: sicherheitNorm | J12: 0 | O12: Nein | P12: =COUNTIF(Prüfanforderungen!$G$3:$G$181,$A12) -> 1 | Q12: 3349ba18-9e5d-4d33-a0c6-54a18dc53ba8
A13: 110_PPM_FFU | C13: FFU-Prüfprogramm (PPM_FFU) | G13: Nein | H13: Nein | I13: sicherheitNorm | J13: 0 | O13: Nein | P13: =COUNTIF(Prüfanforderungen!$G$3:$G$181,$A13) -> 1 | Q13: a8613652-bb0a-4b32-9ad7-11d42bb50b26
A14: 111_PPM | C14: Prüfprogramm (PPM) | G14: Nein | H14: Nein | I14: sicherheitNorm | J14: 0 | O14: Nein | P14: =COUNTIF(Prüfanforderungen!$G$3:$G$181,$A14) -> 1 | Q14: 1ab095f7-924f-4566-95f3-abd6f6792a29
A15: 113_PPM | C15: Prüfprogramm (PPM) | G15: Nein | H15: Nein | I15: sicherheitNorm | J15: 0 | L15: Artikelkategorie bei LIDL beachten! | O15: Nein | P15: =COUNTIF(Prüfanforderungen!$G$3:$G$181,$A15) -> 0 | Q15: 6d8434d0-8905-4506-9cb2-8af84e8ecc93
A16: 131_PPM_TGS_REV_A | C16: Norm (extern) | G16: Nein | H16: Nein | I16: sicherheitNorm | J16: 0 | O16: Nein | P16: =COUNTIF(Prüfanforderungen!$G$3:$G$181,$A16) -> 1 | Q16: 91198e93-ecd8-48b0-8e49-4ea7ad96aa61
A17: 163_PPM_FFU | C17: FFU-Prüfprogramm (PPM_FFU) | G17: Nein | H17: Nein | I17: sicherheitNorm | J17: 0 | L17: in Anlehnung an StiWa 06/2014 | O17: Nein | P17: =COUNTIF(Prüfanforderungen!$G$3:$G$181,$A17) -> 1 | Q17: cf713cbc-1e22-47cc-92dc-e9f6f482519e
A18: 178_PPM_FFU | C18: FFU-Prüfprogramm (PPM_FFU) | G18: Nein | H18: Nein | I18: sicherheitNorm | J18: 0 | O18: Nein | P18: =COUNTIF(Prüfanforderungen!$G$3:$G$181,$A18) -> 0 | Q18: e6fa722c-4f1e-448c-b636-75cfd6296881
A19: 515_PPM_FFU_REV_A_Schraubstock | C19: FFU-Prüfprogramm (PPM_FFU) | G19: Nein | H19: Nein | I19: sicherheitNorm | J19: 0 | O19: Nein | P19: =COUNTIF(Prüfanforderungen!$G$3:$G$181,$A19) -> 1 | Q19: 964cbca6-aff5-4621-85e6-772dcfa213f4
A20: 516_PPM_FFU | C20: FFU-Prüfprogramm (PPM_FFU) | G20: Nein | H20: Nein | I20: sicherheitNorm | J20: 0 | O20: Nein | P20: =COUNTIF(Prüfanforderungen!$G$3:$G$181,$A20) -> 1 | Q20: fa56a1ac-10ec-4acb-894c-ec99116521df
A21: 519_PPM_FFU | C21: FFU-Prüfprogramm (PPM_FFU) | G21: Nein | H21: Nein | I21: sicherheitNorm | J21: 0 | O21: Nein | P21: =COUNTIF(Prüfanforderungen!$G$3:$G$181,$A21) -> 2 | Q21: 527ec958-ca26-4d8c-8d66-fb254651c802
A22: Akkusicherheitskurzcheck (163_PPM) | C22: Prüfprogramm (PPM) | E22: 163_PPM_TS | G22: Nein | H22: Nein | J22: 0 | O22: Nein | P22: =COUNTIF(Prüfanforderungen!$G$3:$G$181,$A22) -> 0 | Q22: bb9249f2-f42b-489c-be9b-2def4cfef879
A23: DIN 1193 (Latthammer DIN 7239) (Schlosserhammer DIN 1041), (Maurerhammer DIN 5108), (Gummihammer DIN 5128), (Klauenhammer ???) (Holzstiel bis 2kg DIN 5111, Holzstiel über 2kg DIN 5112) (Holz- u Kunststoffstiele EK5 AK2 PA 80-8.1.1 2017-10) | C23: Norm (extern) | E23: MECH_S_NORM_TS | G23: Nein | H23: Nein | I23: sicherheitNorm | J23: 0 | O23: Nein | P23: =COUNTIF(Prüfanforderungen!$G$3:$G$181,$A23) -> 1 | Q23: 1a3e2b97-ede0-4478-9ed7-9c214a19faa2
A24: DIN 5117 | C24: Norm (extern) | G24: Nein | H24: Nein | I24: sicherheitNorm | J24: 0 | O24: Nein | P24: =COUNTIF(Prüfanforderungen!$G$3:$G$181,$A24) -> 1 | Q24: ccc203b0-c405-41e9-ae1a-b09b6bb01a8f
A25: DIN 968 & DIN EN ISO 1478 & DIN EN ISO 3506-4 | C25: Norm (extern) | G25: Nein | H25: Nein | I25: sicherheitNorm | J25: 0 | O25: Nein | P25: =COUNTIF(Prüfanforderungen!$G$3:$G$181,$A25) -> 1 | Q25: b124db66-45a3-4f4e-9917-2a0eeafe1718
A26: DIN 976-1 | C26: Norm (extern) | G26: Nein | H26: Nein | I26: sicherheitNorm | J26: 0 | O26: Nein | P26: =COUNTIF(Prüfanforderungen!$G$3:$G$181,$A26) -> 1 | Q26: f9d4394d-4e61-4682-bc19-75e3080add0a
A27: DIN EN 10230-1 &DIN EN 14592 | C27: Norm (extern) | G27: Nein | H27: Nein | I27: sicherheitNorm | J27: 0 | O27: Nein | P27: =COUNTIF(Prüfanforderungen!$G$3:$G$181,$A27) -> 1 | Q27: 866c158c-821d-4beb-ad86-2039ed44b8ae
A28: DIN EN 12521:2023 | C28: Norm (extern) | G28: Nein | H28: Nein | I28: sicherheitNorm | J28: 0 | O28: Nein | P28: =COUNTIF(Prüfanforderungen!$G$3:$G$181,$A28) -> 1 | Q28: 3eb8ccc2-1861-425b-8f4d-f792f2f82848
A29: DIN EN 12521:2023 / Anforderungen für filigrane Tische | C29: Norm (extern) | G29: Nein | H29: Nein | J29: 0 | O29: Nein | P29: =COUNTIF(Prüfanforderungen!$G$3:$G$181,$A29) -> 2 | Q29: 25e078d7-7dcb-444c-a798-182580a429ec
A30: DIN EN 12546-1 | C30: Norm (extern) | G30: Nein | H30: Nein | I30: sicherheitNorm | J30: 0 | O30: Nein | P30: =COUNTIF(Prüfanforderungen!$G$3:$G$181,$A30) -> 3 | Q30: fa058e46-5aea-4158-ac82-fd4861bfd1fc
A31: DIN EN 13120 (inkl. DIN EN 16434) | C31: Norm (extern) | G31: Nein | H31: Nein | I31: sicherheitNorm | J31: 0 | L31: Musterzahl beachten! + zusätzlich 12 Sicherheitseinrichtungen! (abs. Minimum 8) Ablauf in der Norm beachten!! UV-Belichtung notwendig nach DIN EN 16434 Muster Asien Rollo DIN EN 13120 Abschn 8 (inkl. DIN EN 16434) 2x größter und 2x kleinster Style wird für Prüfung benötigt + 4x Sicherheitsclips "Guarantee letter-General" ausfüllen senden + in Versandkarton legen + „Dispatch samples Form 寄样单Fion-General“ auf Versandkarton kleben Kosten 1936€ (Lidl) 25 AT Muster Tstn: 1x je Style DIN EN 13120 Abschn 15 (13.12.24 SH) | O31: Nein | P31: =COUNTIF(Prüfanforderungen!$G$3:$G$181,$A31) -> 1 | Q31: a362c1e5-d2bd-408e-99e7-ea7b3230c740
A32: DIN EN 13120 Pkt 8.2.2 (EN 16433) + 15 | C32: Norm (extern) | G32: Nein | H32: Nein | I32: sicherheitNorm | J32: 0 | L32: (ohne Schlaufe) Asien | O32: Nein | P32: =COUNTIF(Prüfanforderungen!$G$3:$G$181,$A32) -> 1 | Q32: f795ebb9-7e34-4c53-9cc8-54a10d0d5459
A33: DIN EN 13834 | C33: Norm (extern) | G33: Nein | H33: Nein | I33: sicherheitNorm | J33: 0 | O33: Nein | P33: =COUNTIF(Prüfanforderungen!$G$3:$G$181,$A33) -> 2 | Q33: fa7e6f3d-428b-40d3-9800-83dea3261fb5
A34: DIN EN 13843 | C34: Norm (extern) | G34: Nein | H34: Nein | I34: sicherheitNorm | J34: 0 | O34: Nein | P34: =COUNTIF(Prüfanforderungen!$G$3:$G$181,$A34) -> 1 | Q34: f0fc9126-1d6b-44af-b542-64179693933b
A35: DIN EN 14468-1 | C35: Norm (extern) | G35: Nein | H35: Nein | I35: sicherheitNorm | J35: 0 | O35: Nein | P35: =COUNTIF(Prüfanforderungen!$G$3:$G$181,$A35) -> 1 | Q35: a06c6fc6-470c-4018-8fc7-130a7d953f0b
A36: DIN EN 14749 | C36: Norm (extern) | E36: MECH_S_NORM_TS | G36: Nein | H36: Nein | I36: sicherheitNorm | J36: 0 | O36: Nein | P36: =COUNTIF(Prüfanforderungen!$G$3:$G$181,$A36) -> 1 | Q36: a982a9b1-93b2-4bd1-ba5a-8e6f4511692c
A37: DIN EN 17885 | C37: Norm (extern) | G37: Nein | H37: Nein | I37: sicherheitNorm | J37: 0 | O37: Nein | P37: =COUNTIF(Prüfanforderungen!$G$3:$G$181,$A37) -> 1 | Q37: 4528b97e-6f0d-46f9-ac90-346abb9188ac
A38: DIN EN 1860-1 | C38: Norm (extern) | G38: Nein | H38: Nein | I38: sicherheitNorm | J38: 0 | L38: Gasgeräteverordnung! CE-Zeichen! KE nötig. Prüfung über Asien | Für GS-Projekte EK-Beschlussliste EK5/AK8 beachten! | O38: Nein | P38: =COUNTIF(Prüfanforderungen!$G$3:$G$181,$A38) -> 2 | Q38: 096ca6dc-0cba-4b64-b0c3-5c0fae23aa75
A39: DIN EN 1992-4 | C39: Norm (extern) | G39: Nein | H39: Nein | I39: sicherheitNorm | J39: 0 | O39: Nein | P39: =COUNTIF(Prüfanforderungen!$G$3:$G$181,$A39) -> 1 | Q39: a9ecaab4-bb8d-4698-b17b-7bb19724c94a
A40: DIN EN 20957 | C40: Norm (extern) | G40: Nein | H40: Nein | I40: sicherheitNorm | J40: 0 | O40: Nein | P40: =COUNTIF(Prüfanforderungen!$G$3:$G$181,$A40) -> 1 | Q40: fc88926a-57b0-4cc2-b4db-d7cdf571913c
A41: DIN EN 32935 | C41: Norm (extern) | G41: Nein | H41: Nein | I41: sicherheitNorm | J41: 0 | O41: Nein | P41: =COUNTIF(Prüfanforderungen!$G$3:$G$181,$A41) -> 1 | Q41: 4aad3924-d29d-4e42-9ad3-aea64305d835
A42: DIN EN 527-1 / -2 | C42: Norm (extern) | G42: Nein | H42: Nein | I42: sicherheitNorm | J42: 0 | O42: Nein | P42: =COUNTIF(Prüfanforderungen!$G$3:$G$181,$A42) -> 1 | Q42: 13a8d85c-d0bf-4ed3-8ddd-a4a8dbb405b3
A43: DIN EN 581- 1 2017 | B43: Außenmöbel - Sitzmöbel und Tische für den Camping-, Wohn- und Objektbereich - Teil 1: Allgemeine sicherheitstechnische Anforderungen | C43: Norm (extern) | G43: Nein | H43: Nein | I43: sicherheitNorm | J43: 0 | M43: EN 581- 1_2017(D) (3).pdf | N43: 2026-07-29 | O43: Ja | P43: =COUNTIF(Prüfanforderungen!$G$3:$G$181,$A43) -> 0 | Q43: fac191bd-6a83-4234-b45b-e43fb36d1ed2
A44: DIN EN 581-2 2017-01 | B44: Außenmöbel – Sitzmöbel und Tische für den Camping-, Wohn- und Objektbereich | C44: Norm (extern) | G44: Nein | H44: Nein | I44: sicherheitNorm | J44: 3 | K44: Campingbereich | Wohnbereich | Objektbereich | M44: DIN EN 581-2 (2017-01) (2).pdf | N44: 2026-07-29 | O44: Ja | P44: =COUNTIF(Prüfanforderungen!$G$3:$G$181,$A44) -> 0 | Q44: 4c3e2423-c825-4b48-9899-ae8b5f7dc6cb
A45: DIN EN 581-3 2017 | B45: Außenmöbel - Sitzmöbel und Tische für den Camping-, Wohn- und Objektbereich - Teil 3: Mechanische Sicherheitsanforderungen für Tische | C45: Norm (extern) | G45: Nein | H45: Nein | I45: sicherheitNorm | J45: 22 | K45: Anwendungsbereich | Normative Verweisungen | Begriffe | Außenmöbel für den Objektbereich | Außenmöbel für den Wohnbereich | Außenmöbel für den Campingbereich | Straßenmöbel | Prüfung | Anforderungen an die Sicherheit, Festigkeit und Dauerhaltbarkeit | Allgemeines | Standsicherheit, Festigkeit und Dauerhaltbarkeit | Prüfreihenfolge und Prüfparameter | Festgelegte Kraft, N | Festgelegte Kraft, N | Festgelegte Kraft, N | Festgelegte Kraft, N | Festgelegte Kraft, N | Festgelegte Last des | Anforderungen | Gebrauchsanleitung | Prüfbericht | Anhang A | M45: EN 581-3_2017 (1).pdf | N45: 2026-07-29 | O45: Ja | P45: =COUNTIF(Prüfanforderungen!$G$3:$G$181,$A45) -> 0 | Q45: 40f5233c-1431-451c-bdf5-c2af3c1cd41d
A46: DIN EN ISO 20957-1 | C46: Norm (extern) | G46: Nein | H46: Nein | I46: sicherheitNorm | J46: 0 | O46: Nein | P46: =COUNTIF(Prüfanforderungen!$G$3:$G$181,$A46) -> 1 | Q46: 665f9c41-7a18-4802-8d30-bc90391c131a
A47: DIN EN ISO 20957-4 | C47: Norm (extern) | G47: Nein | H47: Nein | I47: sicherheitNorm | J47: 0 | O47: Nein | P47: =COUNTIF(Prüfanforderungen!$G$3:$G$181,$A47) -> 1 | Q47: 72d86c89-01e9-4b47-a15b-9090a3e738f1
A48: DIN EN ISO 4014 &DIN 13-20 | C48: Norm (extern) | G48: Nein | H48: Nein | I48: sicherheitNorm | J48: 0 | O48: Nein | P48: =COUNTIF(Prüfanforderungen!$G$3:$G$181,$A48) -> 1 | Q48: a04d9476-8979-47c0-879f-07fa008209f4
A49: EK2 / AK2.4 22-01:2022 | C49: Norm (extern) | G49: Nein | H49: Nein | I49: sicherheitNorm | J49: 0 | L49: Vollprüfung in TSN nicht möglich! | O49: Nein | P49: =COUNTIF(Prüfanforderungen!$G$3:$G$181,$A49) -> 1 | Q49: a3e2e183-7f84-4a25-a8a0-a70bd9d1ea57
A50: EK2-AK2.4 17-01 | C50: Norm (extern) | G50: Nein | H50: Nein | I50: sicherheitNorm | J50: 0 | O50: Nein | P50: =COUNTIF(Prüfanforderungen!$G$3:$G$181,$A50) -> 1 | Q50: 3f9f1e57-fe4a-4354-9966-977d53854e6b
A51: EK5 / TA6 14-01:2023 (Drucksprühgerät >3L) | C51: Norm (extern) | G51: Nein | H51: Nein | I51: sicherheitNorm | J51: 0 | L51: CE-Kennzeichnung! KE nötig. Die Einstufung der Geräte erfolgt nach Artikel 9 der Druckgeräterichtlinie Punkt 8 Kunststoffe schriftliche Unbedenklichkeitserklärungen | O51: Nein | P51: =COUNTIF(Prüfanforderungen!$G$3:$G$181,$A51) -> 1 | Q51: d8efe139-cefa-48c4-b63b-4cd5a31d10bb
A52: EK5-AK5 14-04.0-2014 PfG Transportroller / Möbelroller | C52: Norm (extern) | G52: Nein | H52: Nein | I52: sicherheitNorm | J52: 0 | O52: Nein | P52: =COUNTIF(Prüfanforderungen!$G$3:$G$181,$A52) -> 1 | Q52: b3544b36-0815-46e3-ad48-07a8a68cad55
A53: EK5/AK2 12-05:2012 | C53: Norm (extern) | G53: Nein | H53: Nein | I53: sicherheitNorm | J53: 0 | O53: Nein | P53: =COUNTIF(Prüfanforderungen!$G$3:$G$181,$A53) -> 1 | Q53: 114d47b0-6738-4643-844e-b3d06ea22d28
A54: EK5/AK2 18-01:2018 | C54: Norm (extern) | G54: Nein | H54: Nein | I54: sicherheitNorm | J54: 0 | O54: Nein | P54: =COUNTIF(Prüfanforderungen!$G$3:$G$181,$A54) -> 1 | Q54: 245dfe05-56ca-49a4-af8d-966ba016dab1
A55: EK5/AK2 21-02:2021 | C55: Norm (extern) | G55: Nein | H55: Nein | I55: sicherheitNorm | J55: 0 | O55: Nein | P55: =COUNTIF(Prüfanforderungen!$G$3:$G$181,$A55) -> 1 | Q55: fab311aa-14ed-4717-b36f-4a0b1ef6811a
A56: EK5/AK2 21-02:2021 inkl. Beschluss EK5/AK2 17/10-1 | C56: Norm (extern) | G56: Nein | H56: Nein | I56: sicherheitNorm | J56: 0 | O56: Nein | P56: =COUNTIF(Prüfanforderungen!$G$3:$G$181,$A56) -> 1 | Q56: 74bf0a79-1b67-426a-b233-723b3332bfbf
A57: EK5/AK2 23-02:2023 | C57: Norm (extern) | G57: Nein | H57: Nein | I57: sicherheitNorm | J57: 0 | O57: Nein | P57: =COUNTIF(Prüfanforderungen!$G$3:$G$181,$A57) -> 1 | Q57: 8fcc0f13-e973-4c28-a5c8-22bb0473922b
A58: EK5/AK2 23-1-2023 | C58: Norm (extern) | G58: Nein | H58: Nein | I58: sicherheitNorm | J58: 0 | O58: Nein | P58: =COUNTIF(Prüfanforderungen!$G$3:$G$181,$A58) -> 1 | Q58: 6240e52b-2ee0-4a8c-8d11-cd14c568a67b
A59: EK5/AK3 22-01:2022 Prüfgrundsatz für die Sicherheit von Schwerlastregalen im Wohnbereich (bis 800kg) (DIN EN 14749:2016 (DIN EN 16122:2012) und DGUV Regel 108-007 (EK5AK3 22-01 Punkt 5.4.2.2)) | C59: Norm (extern) | G59: Nein | H59: Nein | I59: sicherheitNorm | J59: 0 | L59: Korrosion Alle Metallteile müssen ausreichend gegen Korrosion geschützt sein. | O59: Nein | P59: =COUNTIF(Prüfanforderungen!$G$3:$G$181,$A59) -> 1 | Q59: af9dbee7-e78d-4af0-a6f7-c861b0d6254f
A60: EK5/AK5 06-01.3:2011 | C60: Norm (extern) | G60: Nein | H60: Nein | I60: sicherheitNorm | J60: 0 | L60: UV-Beständigkeit Tragende Teile aus Kunststoff Korrosion nach DIN EN ISO 6270-2, 5 Zyklen nicht erfordlerlich bei galvanisch- oder pulverbeschichteten Bauteilen | O60: Nein | P60: =COUNTIF(Prüfanforderungen!$G$3:$G$181,$A60) -> 2 | Q60: 6ebda21c-a175-45fa-a8d5-84d78977781f
A61: EK5/AK5 14-04.0-2014 | C61: Norm (extern) | G61: Nein | H61: Nein | I61: sicherheitNorm | J61: 0 | L61: Korrosion (EN ISO 4628-3) wenn Bauteile nicht durch Lackierung, Beschichtung , Werkstoffauswahl geschützt, Note Ri = 1 Künstliche Alterung bei Kunststoffbodenplatte ISO 4892 500h Kerbschlagbiegeprüfung (20% Reduzierung im Vergl. zur unbehandelten Probe) im EK gefordert: Typenschild + Herstellererklärung zur Tragfähigkeit der Rollen + der verwendeten Materialien | O61: Nein | P61: =COUNTIF(Prüfanforderungen!$G$3:$G$181,$A61) -> 1 | Q61: 4909be01-3669-4c59-a9e0-f9c6c6f8a5f1
A62: EK5/AK7 18-01:2018 Prüfgrundsatz für die Sicherheit von Christbaumständern | C62: Norm (extern) | G62: Nein | H62: Nein | I62: sicherheitNorm | J62: 0 | L62: CE-Kennzeichnung! KE nötig. | O62: Nein | P62: =COUNTIF(Prüfanforderungen!$G$3:$G$181,$A62) -> 1 | Q62: 4cac07bb-0b4f-4684-9695-67afebc2e799
A63: EK5/AK8 12-03.1:2012 | C63: Norm (extern) | G63: Nein | H63: Nein | I63: sicherheitNorm | J63: 0 | L63: Herstellernachweis für tragende Kunststoffteile Der Kunststoff muss UV- und temperaturbeständig (min. 60°C) sein. Es wird ausschließlich ein Nachweis (z.B. Datenblatt etc.) vom Kunststoffhersteller akzeptiert. Korrosionsbeständigkeit Metalle müssen korrosionsgeschützt (Lackierung, Pulverbeschichtung, verzinkt) sein. Aluminium gilt als korrosionsbeständig. | O63: Nein | P63: =COUNTIF(Prüfanforderungen!$G$3:$G$181,$A63) -> 1 | Q63: bb4fa35e-36d0-45fd-9b39-8b60eb9a2bcd
A64: EK5/AK8 12-04.1:2012 | C64: Norm (extern) | G64: Nein | H64: Nein | I64: sicherheitNorm | J64: 0 | L64: Korrosionsbeständigkeit Metalle müssen korrosionsgeschützt (Lackierung, Pulverbeschichtung, verzinkt) sein. Aluminium gilt als korrosionsbeständig. Herstellernachweis für tragende Kunststoffteile Der Kunststoff muss UV- und temperaturbeständig (min. 60°C) sein. Es wird ausschließlich ein Nachweis (z.B. Datenblatt etc.) vom Kunststoffhersteller akzeptiert. | O64: Nein | P64: =COUNTIF(Prüfanforderungen!$G$3:$G$181,$A64) -> 2 | Q64: c10b8070-230f-45f9-8a06-6d70a33d6480
A65: EK5/AK8 13-05.02:2017 (Gartenbewässerungsartikel) | C65: Norm (extern) | G65: Nein | H65: Nein | I65: sicherheitNorm | J65: 0 | L65: CE-Kennzeichnung! KE nötig. | Verkaufsverpackung bereits im PRE-Test prüfen! Warnhinweise müssen vorhanden sein! | O65: Nein | P65: =COUNTIF(Prüfanforderungen!$G$3:$G$181,$A65) -> 5 | Q65: d1aafd9c-be90-4906-b6de-806ab2688566
A66: EN 14545 | C66: Norm (extern) | G66: Nein | H66: Nein | I66: sicherheitNorm | J66: 0 | O66: Nein | P66: =COUNTIF(Prüfanforderungen!$G$3:$G$181,$A66) -> 1 | Q66: 6d7a88b1-2499-4782-8c78-1d6eb834785b
A67: EN ISO 19932-1 & -2:2013 | C67: Norm (extern) | G67: Nein | H67: Nein | I67: sicherheitNorm | J67: 0 | L67: / :2022 ist noch im Entwurf | O67: Nein | P67: =COUNTIF(Prüfanforderungen!$G$3:$G$181,$A67) -> 1 | Q67: f3dc8af5-f6fd-4d86-811f-d3879ee03eb7
A68: FFU Prüfung: Tretwiderstand mit Ergometerprüfstand und Software DasyLab 13.0 (Funktion wurde bereits geprüft) prüfen;Tretwiderstand min. 20W+ max. Benutzergewicht 100kg | C68: Norm (extern) | G68: Nein | H68: Nein | I68: sicherheitNorm | J68: 0 | O68: Nein | P68: =COUNTIF(Prüfanforderungen!$G$3:$G$181,$A68) -> 1 | Q68: cd640978-3726-4ff0-838d-d311c05c98de
A69: FFU im Feld mit Probanden (162_PPM_TGS_Kosmetikspiegel mit Beleuchtung) FFU Prüfung nach internem PPM | C69: Prüfprogramm (PPM) | G69: Nein | H69: Nein | I69: sicherheitNorm | J69: 0 | O69: Nein | P69: =COUNTIF(Prüfanforderungen!$G$3:$G$181,$A69) -> 1 | Q69: 9775bf1e-f7c6-4cee-a0bd-2e20d5a35a1c
A70: FFU laborintern ohne Probanden 30SER (70%/50%/10-30%) FFU Prüfung nach internem PPM (nur Falls im PA angegeben) Laborintern ohne Prüfung der Gebrauchstauglichkeit mittels Probanden. Es werden Punkte zur Funktionalität, Verarbeitungsqualität, Verständlichkeit der BDA geprüft) | C70: Prüfprogramm (PPM) | G70: Nein | H70: Nein | I70: sicherheitNorm | J70: 0 | O70: Nein | P70: =COUNTIF(Prüfanforderungen!$G$3:$G$181,$A70) -> 2 | Q70: 4cce19ab-a281-4aa2-8d34-da5248f19d6a
A71: FFU/Fitting | C71: Prüfprogramm (PPM) | E71: FFU_TS | G71: Nein | H71: Nein | J71: 0 | O71: Nein | P71: =COUNTIF(Prüfanforderungen!$G$3:$G$181,$A71) -> 0 | Q71: 0b29b343-6d28-4d87-b45b-b61b7f8727cc
A72: ISO 22702 | C72: Norm (extern) | G72: Nein | H72: Nein | I72: sicherheitNorm | J72: 0 | O72: Nein | P72: =COUNTIF(Prüfanforderungen!$G$3:$G$181,$A72) -> 1 | Q72: 857841bc-c2e4-4173-ad22-0a4731d284de
A73: NGO | C73: Prüfprogramm (PPM) | E73: FFU_TS | G73: Nein | H73: Nein | J73: 0 | O73: Nein | P73: =COUNTIF(Prüfanforderungen!$G$3:$G$181,$A73) -> 0 | Q73: 1cda3cf4-4728-4de2-98e3-596ad8017562
A74: Optischer Abgleich (112_PPM) | C74: Prüfprogramm (PPM) | E74: FFU_TS | G74: Nein | H74: Nein | J74: 0 | O74: Nein | P74: =COUNTIF(Prüfanforderungen!$G$3:$G$181,$A74) -> 0 | Q74: 8d5a2d20-2a12-4a90-9109-cd659d40f135
A75: PA 80-3-5.2 | C75: Norm (extern) | G75: Nein | H75: Nein | I75: sicherheitNorm | J75: 0 | O75: Nein | P75: =COUNTIF(Prüfanforderungen!$G$3:$G$181,$A75) -> 1 | Q75: d3ffbd4f-aa15-4ea5-9399-cad35d6a3f6e
A76: Prüfungen zur Bewertung der Gebrauchseigenschaften analog Test Report SR_6426734_01_A IAN_417565 | C76: Norm (extern) | G76: Nein | H76: Nein | I76: sicherheitNorm | J76: 0 | O76: Nein | P76: =COUNTIF(Prüfanforderungen!$G$3:$G$181,$A76) -> 1 | Q76: 511e4382-878c-4993-8557-ca589d7c761a
A77: Referenzprüfung | C77: Prüfprogramm (PPM) | E77: FFU_TS | G77: Nein | H77: Nein | J77: 0 | O77: Nein | P77: =COUNTIF(Prüfanforderungen!$G$3:$G$181,$A77) -> 0 | Q77: 42986e90-3979-494d-a802-bbc45327414d
A78: Risikobasierte Normprüfung/Teilprüfung - Erwärmung - Schlagprüfung - Fallprüfung Sicherheit / Normprüfung - Produktsicherheit Akku-Sicherheitskurzcheck Produkte mit Akku jeder Größe werden nach 163_PPM_TGS_REV_A_ Akku-Sicherheitskurzcheck Lidl geprüft | C78: Norm (extern) | G78: Nein | H78: Nein | I78: sicherheitNorm | J78: 0 | L78: EE | O78: Nein | P78: =COUNTIF(Prüfanforderungen!$G$3:$G$181,$A78) -> 1 | Q78: 437bf200-54c7-4897-85a0-f39763e6edec
A79: Sicherheit / Normprüfung - Produktsicherheit Für E&E Produkte immer nur Kurzprüfungen im Labor Kosten richten sich Produktart EK5/AK8 13-05.02:2017 - Cl. 4.6 Überdruck - Cl. 4.7 Fallprüfung | C79: Norm (extern) | G79: Nein | H79: Nein | I79: sicherheitNorm | J79: 0 | L79: EE | O79: Nein | P79: =COUNTIF(Prüfanforderungen!$G$3:$G$181,$A79) -> 1 | Q79: 46b29c32-a218-4adf-a795-7d631143f9ac
A80: Sicherheit / Normprüfung - Produktsicherheit Prüfung der mech. Sicherheit 102_PPM | C80: Prüfprogramm (PPM) | G80: Nein | H80: Nein | I80: sicherheitNorm | J80: 0 | L80: EE | O80: Nein | P80: =COUNTIF(Prüfanforderungen!$G$3:$G$181,$A80) -> 1 | Q80: 8b0a28a2-ea19-4ce3-8830-bed0e08a4cc4
A81: Sicherheit / Normprüfung - Produktsicherheit Teilprüfung der elektrischen Sicherheit nach EN 60335-2-8 Risikobasierte Teilprüfung - Hochspannung - Leistungsaufnahme - Luft- und Kriechstrecken - Erwärmungsprüfung | C81: Norm (extern) | G81: Nein | H81: Nein | I81: sicherheitNorm | J81: 0 | L81: EE | O81: Nein | P81: =COUNTIF(Prüfanforderungen!$G$3:$G$181,$A81) -> 1 | Q81: 7722e7f7-d540-4e41-b3cf-850f026758c4
A82: Sicherheit / Normprüfung - Produktsicherheit Teilprüfung nach DIN EN 60998-2-1 Teilprüfung nach DIN EN 60684-1 | C82: Norm (extern) | G82: Nein | H82: Nein | I82: sicherheitNorm | J82: 0 | L82: EE | O82: Nein | P82: =COUNTIF(Prüfanforderungen!$G$3:$G$181,$A82) -> 1 | Q82: 16ca9a06-5f93-4109-a1c0-fcab52df3526
A83: Sicherheit / Normprüfung - Produktsicherheit Teilprüfung nach EN 60335-2-23 Sicherheit / Normprüfung - Produktsicherheit Akku-Sicherheitskurzcheck Produkte mit Akku jeder Größe werden nach 163_PPM_TGS_REV_A_ Akku-Sicherheitskurzcheck Lidl geprüft | C83: Norm (extern) | G83: Nein | H83: Nein | I83: sicherheitNorm | J83: 0 | L83: EE | O83: Nein | P83: =COUNTIF(Prüfanforderungen!$G$3:$G$181,$A83) -> 2 | Q83: 686f9abe-0333-494f-87a9-021e92269058
A84: Sicherheit / Normprüfung - Produktsicherheit Teilprüfung nach EN 60335-2-8 - Normalerwärmung - Abnormal - Droptest - HV Test - Luft- und Kriechstrecken - Glühdraht | C84: Norm (extern) | G84: Nein | H84: Nein | I84: sicherheitNorm | J84: 0 | L84: EE | O84: Nein | P84: =COUNTIF(Prüfanforderungen!$G$3:$G$181,$A84) -> 1 | Q84: 1483591c-2592-475e-9849-7b855385bd4a
A85: Sicherheit / Normprüfung - Produktsicherheit Teilprüfungprüfung nach 0100_PPM - Glühdrahtprüfung 550 °C - Scharfe Ecken und Kanten Teilprüfung nach EN ISO 20957-5 - 5.2.1 Übertragungselemente und sich drehende Teile | C85: Prüfprogramm (PPM) | G85: Nein | H85: Nein | I85: sicherheitNorm | J85: 0 | L85: EE | O85: Nein | P85: =COUNTIF(Prüfanforderungen!$G$3:$G$181,$A85) -> 1 | Q85: 1bc56f20-3dda-4798-8b33-49123833dfaf
A86: Sicherheit / Normprüfung - Produktsicherheit Teilprüfung Anlehnung an 100_PPM - IP44 - Glühdraht Akku-Sicherheitskurzcheck Produkte mit Akku jeder Größe werden nach 163_PPM_TGS_REV_A_ Akku-Sicherheitskurzcheck Lidl geprüft | C86: Prüfprogramm (PPM) | G86: Nein | H86: Nein | I86: sicherheitNorm | J86: 0 | L86: Tiervertreiber Universal Sicherheit / Normprüfung - Produktsicherheit Für E&E Produkte immer nur Kurzprüfungen im Labor Anlehnung an 100_PPM - IP44 - Glühdraht 750€ Sicherheit / Normprüfung - Produktsicherheit Akku-Sicherheitskurzcheck Produkte mit Akku jeder Größe werden nach 163_PPM_TGS_REV_A_ Akku-Sicherheitskurzcheck Lidl geprüft 950€ Tiervertreiber Maulwurf Sicherheit / Normprüfung - Produktsicherheit Teilprüfung nach 0100_PPM - Kurzschluss - Erwärmung - Mech. Festigkeit - etc. 750€ | O86: Nein | P86: =COUNTIF(Prüfanforderungen!$G$3:$G$181,$A86) -> 1 | Q86: 7267507c-95d9-4c15-8d9f-b4cec9411873
A87: Sicherheit / Normprüfung - Produktsicherheit Teilprüfung Schneidklemmen (CE): EN 60998-2-3 - Cl.17 - Luft- und Kriechstrecken - Cl. 13.3 & 13.4 Hochspannung & Isolationsprüfung - Cl.16.3 Kugeldruckpr. - Cl. 18 Glühdrahtpr. Sicherheit / Normprüfung - Produktsicherheit Teilprüfung Klettkabelinder: 102_PPM Sicherheit / Normprüfung - Produktsicherheit Teilprüfung Verbindersortiment und Schelle: 102_PPM Schrumpfschlauch: 102_PPM Krokodilklemmen (24 V): 102_PPM | C87: Prüfprogramm (PPM) | G87: Nein | H87: Nein | I87: sicherheitNorm | J87: 0 | L87: EE | O87: Nein | P87: =COUNTIF(Prüfanforderungen!$G$3:$G$181,$A87) -> 1 | Q87: d7f97377-77f3-408b-8837-c5bf1de5e8f9
A88: Sicherheit- / Normprüfung - Erwärmung - Schlagprüfung - Fallprüfung Sicherheit / Normprüfung - Produktsicherheit Akku-Sicherheitskurzcheck Produkte mit Akku jeder Größe werden nach 163_PPM_TGS_REV_A_ Akku-Sicherheitskurzcheck Lidl geprüft | C88: Norm (extern) | G88: Nein | H88: Nein | I88: sicherheitNorm | J88: 0 | L88: EE | O88: Nein | P88: =COUNTIF(Prüfanforderungen!$G$3:$G$181,$A88) -> 1 | Q88: 8a1f513a-7fae-4bc4-87cd-2ce6cad012a7
A89: Sicherheit- / Normprüfung EN 60598-2 -Cl. 4.12 - Prüfung der Dauerhaftigkeit und der Erwärmung -Cl. 4.15 - Wärmebeständigkeit, Feuerbeständigkeit und Kriechstromfestigkeit | C89: Norm (extern) | G89: Nein | H89: Nein | I89: sicherheitNorm | J89: 0 | L89: EE | O89: Nein | P89: =COUNTIF(Prüfanforderungen!$G$3:$G$181,$A89) -> 1 | Q89: 2ff7fea9-ba6b-44a4-91b3-928f857b3e24
... A93: Sicherheit-/Normprüfung Teilprüfung nach EN 60335-2-8 | C93: Norm (extern) | G93: Nein | H93: Nein | I93: sicherheitNorm | J93: 0 | L93: EE | O93: Nein | P93: =COUNTIF(Prüfanforderungen!$G$3:$G$181,$A93) -> 1 | Q93: b3e738bb-b905-4da6-874f-8c1169d80ae3
A94: StiWa 06/2014 | C94: StiWa-Programm | G94: Nein | H94: Nein | I94: sicherheitNorm | J94: 0 | O94: Nein | P94: =COUNTIF(Prüfanforderungen!$G$3:$G$181,$A94) -> 1 | Q94: 773cd427-cd59-4fc5-aedd-c263bc32a49d
A95: StiWa 06/2014 | C95: StiWa-Programm | G95: Nein | H95: Nein | I95: sicherheitNorm | J95: 0 | O95: Nein | P95: =COUNTIF(Prüfanforderungen!$G$3:$G$181,$A95) -> 1 | Q95: 78059485-5819-4a0f-95d5-59f3c508b4ee
A96: StiWa 12/2014 | C96: StiWa-Programm | G96: Nein | H96: Nein | I96: sicherheitNorm | J96: 0 | L96: Untervergabe zur VPA für alle Prüfungen, die die IDN EN 8442-5 betreffen (Kontakt: Sabine Amme (s.amme@vpa-gmbh.de)- Anfangsschärfe- SchneidhaltigkeitSpülmaschineneignung (125 Zyklen) separat beauftragen | O96: Nein | P96: =COUNTIF(Prüfanforderungen!$G$3:$G$181,$A96) -> 0 | Q96: c0d9ce70-87c6-44b3-bcb6-6b1306fa1ed7
A97: StiWa 12/2014 Untervergabe zur VPA für alle Prüfungen, die die IDN EN 8442-5 betreffen (Kontakt: Sabine Amme (s.amme@vpa-gmbh.de) - Anfangsschärfe - Schneidhaltigkeit Spülmaschineneignung (125 Zyklen) separat beauftragen | C97: StiWa-Programm | G97: Nein | H97: Nein | J97: 0 | O97: Nein | P97: =COUNTIF(Prüfanforderungen!$G$3:$G$181,$A97) -> 1 | Q97: 8fe53f06-e7e5-493f-ba65-5fba6cb85273
A98: StiWa Heft 11/2023 | C98: StiWa-Programm | G98: Nein | H98: Nein | I98: sicherheitNorm | J98: 0 | L98: Laborprüfungen TaunussteinProbandenprüfungen Wörgl HG12775:Der Artikel ist in Bezug auf [Schnittleistung] mindestens gleichwertig mit [Braun Bartschneider Serie 9BT9440] der Marke [Braun]. | O98: Nein | P98: =COUNTIF(Prüfanforderungen!$G$3:$G$181,$A98) -> 0 | Q98: 49c57d01-9cce-45d0-a7a3-05c7a0d9fc16
A99: StiWa Heft 11/2023 Laborprüfungen Taunusstein Probandenprüfungen Wörgl HG12775:Der Artikel ist in Bezug auf [Schnittleistung] mindestens gleichwertig mit [Braun Bartschneider Serie 9 BT9440] der Marke [Braun]. | C99: StiWa-Programm | G99: Nein | H99: Nein | J99: 0 | O99: Nein | P99: =COUNTIF(Prüfanforderungen!$G$3:$G$181,$A99) -> 1 | Q99: 07f8611b-3f07-4627-89be-9ae37ebc2200
A100: Tbd | C100: Norm (extern) | G100: Nein | H100: Nein | I100: sicherheitNorm | J100: 0 | O100: Nein | P100: =COUNTIF(Prüfanforderungen!$G$3:$G$181,$A100) -> 1 | Q100: 4eb048bf-aa24-42b9-81ac-4715a3aac5ac
A101: Teilprüfung nach 1992-4 (Mech) Teilprüfung nach DIN EN 62275 (Kabelbinder) | C101: Norm (extern) | G101: Nein | H101: Nein | I101: sicherheitNorm | J101: 0 | L101: EE | O101: Nein | P101: =COUNTIF(Prüfanforderungen!$G$3:$G$181,$A101) -> 1 | Q101: 16d6bba2-278c-4c91-bc46-054212f12c4b
A102: in Anlehnung an / according to EK5/AK2 18-01 | C102: Norm (extern) | G102: Nein | H102: Nein | I102: sicherheitNorm | J102: 0 | O102: Nein | P102: =COUNTIF(Prüfanforderungen!$G$3:$G$181,$A102) -> 1 | Q102: 1a6838ad-331b-4054-a5df-cb108d5252f1
A103: in Anlehnung an DIN EN 13834 | C103: Norm (extern) | G103: Nein | H103: Nein | I103: sicherheitNorm | J103: 0 | O103: Nein | P103: =COUNTIF(Prüfanforderungen!$G$3:$G$181,$A103) -> 2 | Q103: 789f0c8f-febe-45af-b222-3b7629437c5a
...

Sheet Anwendungsbereiche
A1: Anwendungsbereiche einzelner Normen (z. B. „Filigrane Tische“) mit eigenem Preis — in der Prüfgrundlage wird je Referenz einer davon ausgewählt.
A2: Norm | B2: Titel der Norm | C2: Prüfungsart | D2: Anwendungsbereich | E2: Beschreibung | F2: Preis
A3: DIN EN 12521:2023 | B3: Möbel - Sicherheit, Festigkeit und Dauerhaltbarkeit - Anforderungen an Tische im Wohnbereich | C3: Sicherheit-/Normprüfung | D3: Alle anderen Tische
A4: DIN EN 12521:2023 | B4: Möbel - Sicherheit, Festigkeit und Dauerhaltbarkeit - Anforderungen an Tische im Wohnbereich | C4: Sicherheit-/Normprüfung | D4: Filigrane Tische
A5: DIN EN 12521:2023 | B5: Möbel - Sicherheit, Festigkeit und Dauerhaltbarkeit - Anforderungen an Tische im Wohnbereich | C5: Sicherheit-/Normprüfung | D5: Tische mit einer Höhe ≤600mm oder Tische mit einer Plattenfläche ≤0,3m2
A6: DIN EN 581-2 2017-01 | B6: Außenmöbel – Sitzmöbel und Tische für den Camping-, Wohn- und Objektbereich | D6: Campingbereich
A7: DIN EN 581-2 2017-01 | B7: Außenmöbel – Sitzmöbel und Tische für den Camping-, Wohn- und Objektbereich | D7: Objektbereich
A8: DIN EN 581-2 2017-01 | B8: Außenmöbel – Sitzmöbel und Tische für den Camping-, Wohn- und Objektbereich | D8: Wohnbereich
A9: DIN EN 581-3 2017 | B9: Außenmöbel - Sitzmöbel und Tische für den Camping-, Wohn- und Objektbereich - Teil 3: Mechanische Sicherheitsanforderungen für Tische | D9: Allgemeines | E9: 5.1 Die Anforderungen nach EN 581-1:2017 müssen vor und nach der Durchführung der Prüfungen der Festigkeit, Dauerhaltbarkeit und Standsicherheit erfüllt sein. Glastischplatten müssen den Anforderungen nach EN 12150-1:2015, Abschnitt 8, Prüfung der Bruchstruktur, oder dem Bruchverhalten (β) vom Typ B oder Typ C nach EN 12600:2002 entsprechen. Öffnungen für Sonnenschirme in der Glastischplatte müssen geschützt sein, um einen Kontakt zwischen Metall und Glas zu vermeiden.
A10: DIN EN 581-3 2017 | B10: Außenmöbel - Sitzmöbel und Tische für den Camping-, Wohn- und Objektbereich - Teil 3: Mechanische Sicherheitsanforderungen für Tische | D10: Anforderungen | E10: 5.2.2 Die Anforderungen an die Sicherheit, Festigkeit und Dauerhaltbarkeit sind eingehalten, wenn nach der Prüfung nach Tabelle 1: a) kein Teil, Bauteil oder Verbindungselement Brüche aufweist; b) sich kein bestimmungsgemäß festsitzendes Verbindungselement gelöst hat; c) der Tisch nach Entfernung der Prüflasten seine Funktionen erfüllt. Das Produkt darf während der Standsicherheitsprüfungen nicht umkippen.
A11: DIN EN 581-3 2017 | B11: Außenmöbel - Sitzmöbel und Tische für den Camping-, Wohn- und Objektbereich - Teil 3: Mechanische Sicherheitsanforderungen für Tische | D11: Anforderungen an die Sicherheit, Festigkeit und Dauerhaltbarkeit | E11: 5
A12: DIN EN 581-3 2017 | B12: Außenmöbel - Sitzmöbel und Tische für den Camping-, Wohn- und Objektbereich - Teil 3: Mechanische Sicherheitsanforderungen für Tische | D12: Anhang A | E12: Anhang A (informativ) Kaufinformation (Leitfaden) Um dem Verbraucher vor dem Kauf die Wahl eines Produktes im Hinblick auf die vorgesehene Nutzung zu ermöglichen, sollte die Kaufinformation ohne Öffnen der Verpackung verfügbar sein. Folgende Angaben sollten enthalten sein:  Bezeichnung des Produktes;  Produktmerkmale, z. B. Maße, Angaben zur Aufbewahrung, Pflege usw.;  Nutzungsbedingungen für das Produkt (Camping-, Wohn- oder Objektbereich);  ein Warnhinweis, falls der Tisch, der ein Loch für einen Sonnenschirm hat, nicht dafür vorgesehen ist, einen Sonnenschirm zu halten. Licensed to SGS-TÜV Saar GmbH - GLOBALNORM ILNAS eShop 2017 02578 / Max. Networking : 1 / downloaded : 2017-05-23 NOT FOR COMMERCIAL USE OR REPRODUCTION ILNAS-EN 581-3:2017
A13: DIN EN 581-3 2017 | B13: Außenmöbel - Sitzmöbel und Tische für den Camping-, Wohn- und Objektbereich - Teil 3: Mechanische Sicherheitsanforderungen für Tische | D13: Anwendungsbereich | E13: 1 Diese Europäische Norm legt die Mindestanforderungen an die Sicherheit, Festigkeit und Dauerhaltbarkeit für alle Arten von Außentischen für Erwachsene, unabhängig von Werkstoffen, Design/Konstruktion oder Herstellungsprozessen, fest. Sie gilt nicht für öffentlich aufgestellte Straßenmöbel. Die Norm enthält mit Ausnahme der Prüfungen der Standsicherheit keine Beurteilung der Eignung der in Tischen enthaltenen Aufbewahrungsmöglichkeiten. Sie enthält keine Anforderungen an die Dauerhaltbarkeit von Rollen/Rädern und an Mechanismen zur Höhenverstellung. Sie enthält keine Anforderungen an die elektrische Sicherheit. Sie enthält keine Anforderungen an die Alterungsbeständigkeit und an durch Licht, Temperatur und Feuchtigkeit verursachte Qualitätsminderungen.
A14: DIN EN 581-3 2017 | B14: Außenmöbel - Sitzmöbel und Tische für den Camping-, Wohn- und Objektbereich - Teil 3: Mechanische Sicherheitsanforderungen für Tische | D14: Außenmöbel für den Campingbereich | E14: 3.3 Außenmöbel, das klappbar oder zerlegbar und leicht ist, sowie für die Nutzung beim Camping und auf Reisen vorgesehen ist
A15: DIN EN 581-3 2017 | B15: Außenmöbel - Sitzmöbel und Tische für den Camping-, Wohn- und Objektbereich - Teil 3: Mechanische Sicherheitsanforderungen für Tische | D15: Außenmöbel für den Objektbereich | E15: 3.1 Außenmöbel, das für die nicht private Nutzung an öffentlich zugänglichen Stellen vorgesehen ist
A16: DIN EN 581-3 2017 | B16: Außenmöbel - Sitzmöbel und Tische für den Camping-, Wohn- und Objektbereich - Teil 3: Mechanische Sicherheitsanforderungen für Tische | D16: Außenmöbel für den Wohnbereich | E16: 3.2 Außenmöbel, das für die private Nutzung ohne öffentlichen Zugang vorgesehen ist Licensed to SGS-TÜV Saar GmbH - GLOBALNORM ILNAS eShop 2017 02578 / Max. Networking : 1 / downloaded : 2017-05-23 NOT FOR COMMERCIAL USE OR REPRODUCTION ILNAS-EN 581-3:2017 EN 581-3:2017 (D) 5
A17: DIN EN 581-3 2017 | B17: Außenmöbel - Sitzmöbel und Tische für den Camping-, Wohn- und Objektbereich - Teil 3: Mechanische Sicherheitsanforderungen für Tische | D17: Begriffe | E17: 3 Für die Anwendung dieses Dokuments gelten die folgenden Begriffe.
A18: DIN EN 581-3 2017 | B18: Außenmöbel - Sitzmöbel und Tische für den Camping-, Wohn- und Objektbereich - Teil 3: Mechanische Sicherheitsanforderungen für Tische | D18: Festgelegte Kraft, N | E18: 6.3.1 a) Hauptplatte bei Tischen mit einer Höhe ≤ 950 mm 300 750 1 000 b) Hauptplatte bei Tischen mit einer Höhe > 950 mm – 500 500 Zyklen 10 10 10 2. Vertikale statische Belastung der Hauptplatte Für Tische mit einer Fläche der Tischplatte ≤ 0,25 m 2 b EN 1730:2012,
A19: DIN EN 581-3 2017 | B19: Außenmöbel - Sitzmöbel und Tische für den Camping-, Wohn- und Objektbereich - Teil 3: Mechanische Sicherheitsanforderungen für Tische | D19: Festgelegte Kraft, N | E19: 6.3.1 Zyklen 150 10 300 10 500 10 3. Zusätzliche vertikale statische Belastungsprüfung für Hauptplatten, welche länger als 1 600 mm sind EN 1730:2012,
A20: DIN EN 581-3 2017 | B20: Außenmöbel - Sitzmöbel und Tische für den Camping-, Wohn- und Objektbereich - Teil 3: Mechanische Sicherheitsanforderungen für Tische | D20: Festgelegte Kraft, N | E20: 6.3.2 Zyklen 500 10 750 10 1 000 10 4. Vertikale statische Belastung der Ergänzungsplatte EN 1730:2012,
... A30: DIN EN 581-3 2017 | B30: Außenmöbel - Sitzmöbel und Tische für den Camping-, Wohn- und Objektbereich - Teil 3: Mechanische Sicherheitsanforderungen für Tische | D30: Straßenmöbel | E30: 3.4 Außenmöbel zur Benutzung im öffentlichen Raum, das dauerhaft am Boden oder einer Konstruktion (z. B. Bushaltestelle, Wand usw.) befestigt ist oder nicht von Hand entfernt werden kann

Sheet Prüfanforderungen
A1: Eine Zeile je geforderter Prüfung: welches Produkt braucht welche Norm, in welchem Block, zu welchem Preis. Das ist die Arbeitsliste — hier nach Bereich, Warengruppe, Produkt oder Norm filtern. Leere Kosten = „Preis auf Anfrage“ (gelb).
A2: Bereich | B2: Warengruppe | C2: Produkt | D2: Prüfblock | E2: Prüfungsart | F2: SAP-Code | G2: Norm / Prüfprogramm | H2: Titel der Norm | I2: in Anlehnung an | J2: Anwendungsbereich | K2: Kosten 1. Prüfung | L2: Kosten je weiterem Produkt | M2: Kennz. | N2: BDA | O2: Bemerkung zur Norm | P2: PG-ID
B3: Grills u. Feuerstellen | C3: Feuerrohr | D3: Sicherheit-/Normprüfung | G3: in Anlehnung an EK5/AK8 17-12.01:2017 | I3: Nein | K3: 0 | M3: Nein | N3: Nein | P3: 4c8771d7-734d-4d2f-bffc-38bf089559e5
A4: Baumarkt | B4: Bewässerungsgeräte u. -systeme | C4: (Schlauch-)Verbinder | D4: Sicherheit-/Normprüfung | G4: EK5/AK8 13-05.02:2017 (Gartenbewässerungsartikel) | I4: Nein | K4: 720 | M4: Nein | N4: Nein | O4: CE-Kennzeichnung! KE nötig. | Verkaufsverpackung bereits im PRE-Test prüfen! Warnhinweise müssen vorhanden sein! | P4: 2485944d-4e9f-40dd-a345-9b29e0dbc6bf
A5: Baumarkt | B5: Bewässerungsgeräte u. -systeme | C5: Beregner | D5: Sicherheit-/Normprüfung | G5: EK5/AK8 13-05.02:2017 (Gartenbewässerungsartikel) | I5: Nein | K5: 1080 | M5: Nein | N5: Nein | O5: CE-Kennzeichnung! KE nötig. | Verkaufsverpackung bereits im PRE-Test prüfen! Warnhinweise müssen vorhanden sein! | P5: 069ad4a2-405c-4216-98cd-34abf3bb4553
A6: Baumarkt | B6: Bewässerungsgeräte u. -systeme | C6: Bewässerungscomputer | D6: Sicherheit-/Normprüfung | G6: Sicherheit / Normprüfung - Produktsicherheit Für E&E Produkte immer nur Kurzprüfungen im Labor Kosten richten sich Produktart EK5/AK8 13-05.02:2017 - Cl. 4.6 Überdruck - Cl. 4.7 Fallprüfung | I6: Nein | K6: 0 | M6: Nein | N6: Nein | O6: EE | P6: 301373e8-13f1-43a5-915e-a88c37b35d6d
A7: Baumarkt | B7: Bewässerungsgeräte u. -systeme | C7: Gartenbrause | D7: Sicherheit-/Normprüfung | G7: EK5/AK8 13-05.02:2017 (Gartenbewässerungsartikel) | I7: Nein | K7: 720 | M7: Nein | N7: Nein | O7: CE-Kennzeichnung! KE nötig. | Verkaufsverpackung bereits im PRE-Test prüfen! Warnhinweise müssen vorhanden sein! | P7: 26078af5-80ee-4c2a-a20e-e13f0d57dae8
A8: Baumarkt | B8: Gartenbewässerung (Sonstige) | C8: Drucksprüher <3L | D8: Sicherheit-/Normprüfung | G8: EN ISO 19932-1 & -2:2013 | I8: Nein | K8: 0 | M8: Nein | N8: Nein | O8: / :2022 ist noch im Entwurf | P8: fbc1894d-c0fd-46fd-bd8f-93eb730fcf7b
A9: Baumarkt | B9: Gartenbewässerung (Sonstige) | C9: Drucksprüher >3L | D9: Sicherheit-/Normprüfung | G9: EK5 / TA6 14-01:2023 (Drucksprühgerät >3L) | I9: Nein | K9: 720 | M9: Nein | N9: Nein | O9: CE-Kennzeichnung! KE nötig. Die Einstufung der Geräte erfolgt nach Artikel 9 der Druckgeräterichtlinie Punkt 8 Kunststoffe schriftliche Unbedenklichkeitserklärungen | P9: d842f471-3b48-4761-943f-453772f4d8eb
A10: Baumarkt | B10: Gartenbewässerung (Sonstige) | C10: Gießkanne | D10: Sicherheit-/Normprüfung | G10: 102_PPM | I10: Nein | K10: 180 | M10: Nein | N10: Nein | O10: PSA beachten! | ggf. EE | Multiwinkel / Lineal / Zollstock / usw. | nicht trivial, wenn Verwendung auf Herd möglich | HG | P10: 9210ed65-bfd0-418d-866b-8ba8c3c5167b
A11: Baumarkt | B11: Gartenbewässerung (Sonstige) | C11: Regentonne | D11: Sicherheit-/Normprüfung | G11: 102_PPM | I11: Nein | K11: 180 | M11: Nein | N11: Nein | O11: PSA beachten! | ggf. EE | Multiwinkel / Lineal / Zollstock / usw. | nicht trivial, wenn Verwendung auf Herd möglich | HG | P11: 6adbdef8-6479-4d9a-96de-bd7d7e870187
A12: Baumarkt | B12: Gartengeräte u. -zubehör (Sonstige) | C12: (Gewebe-)Planen | D12: Sicherheit-/Normprüfung | G12: 102_PPM | I12: Nein | K12: 540 | M12: Nein | N12: Nein | O12: PSA beachten! | ggf. EE | Multiwinkel / Lineal / Zollstock / usw. | nicht trivial, wenn Verwendung auf Herd möglich | HG | P12: f1b5500e-fda8-4344-aca0-8a6d8c195938
A13: Baumarkt | B13: Gartengeräte u. -zubehör (Sonstige) | C13: Bodenmesser | D13: Sicherheit-/Normprüfung | G13: 102_PPM | I13: Nein | K13: 0 | M13: Nein | N13: Nein | O13: PSA beachten! | ggf. EE | Multiwinkel / Lineal / Zollstock / usw. | nicht trivial, wenn Verwendung auf Herd möglich | HG | P13: 115b6bd0-52f6-4785-af23-689a42058cfa
A14: Baumarkt | B14: Gartengeräte u. -zubehör (Sonstige) | C14: Gartengerätehaus | D14: Sicherheit-/Normprüfung | G14: EK5/AK8 12-04.1:2012 | I14: Nein | K14: 0 | M14: Nein | N14: Nein | O14: Korrosionsbeständigkeit Metalle müssen korrosionsgeschützt (Lackierung, Pulverbeschichtung, verzinkt) sein. Aluminium gilt als korrosionsbeständig. Herstellernachweis für tragende Kunststoffteile Der Kunststoff muss UV- und temperaturbeständig (min. 60°C) sein. Es wird ausschließlich ein Nachweis (z.B. Datenblatt etc.) vom Kunststoffhersteller akzeptiert. | P14: f333567e-9dae-4373-95e8-20ab3b9c4aca
A15: Baumarkt | B15: Gartengeräte u. -zubehör (Sonstige) | C15: Gartensack | D15: Sicherheit-/Normprüfung | G15: 111_PPM | I15: Nein | K15: 0 | M15: Nein | N15: Nein | P15: b4438896-2af0-4744-9cd4-4ed1160266d2
A16: Baumarkt | B16: Gartengeräte u. -zubehör (Sonstige) | C16: Gartenzubehör | D16: Sicherheit-/Normprüfung | G16: 102_PPM | I16: Nein | K16: 540 | M16: Nein | N16: Nein | O16: PSA beachten! | ggf. EE | Multiwinkel / Lineal / Zollstock / usw. | nicht trivial, wenn Verwendung auf Herd möglich | HG | P16: 7b7cf5c3-1dcd-4aa5-8f75-446e647b3747
A17: Baumarkt | B17: Gartengeräte u. -zubehör (Sonstige) | C17: Gerätehalter | D17: Sicherheit-/Normprüfung | G17: 102_PPM | I17: Nein | K17: 0 | M17: Nein | N17: Nein | O17: PSA beachten! | ggf. EE | Multiwinkel / Lineal / Zollstock / usw. | nicht trivial, wenn Verwendung auf Herd möglich | HG | P17: a344ef39-c913-4a58-9354-a39b4de954f7
A18: Baumarkt | B18: Gartengeräte u. -zubehör (Sonstige) | C18: Kaminholzregal | D18: Sicherheit-/Normprüfung | G18: in Anlehnung an DIN EN 14749 | I18: Nein | K18: 0 | M18: Nein | N18: Nein | P18: 15495e0b-e72b-4043-ba9d-18398658dfd7
A19: Baumarkt | B19: Gartengeräte u. -zubehör (Sonstige) | C19: Kniekissen | D19: Sicherheit-/Normprüfung | G19: 102_PPM | I19: Nein | K19: 540 | M19: Nein | N19: Nein | O19: PSA beachten! | ggf. EE | Multiwinkel / Lineal / Zollstock / usw. | nicht trivial, wenn Verwendung auf Herd möglich | HG | P19: 9c269978-339e-4f8b-8a86-833f04cf4b41
A20: Baumarkt | B20: Gartengeräte u. -zubehör (Sonstige) | C20: Komposter | D20: Sicherheit-/Normprüfung | G20: 102_PPM | I20: Nein | K20: 0 | M20: Nein | N20: Nein | O20: PSA beachten! | ggf. EE | Multiwinkel / Lineal / Zollstock / usw. | nicht trivial, wenn Verwendung auf Herd möglich | HG | P20: 7266a5e1-c3b2-4bcd-ad61-732b77e42277
A21: Baumarkt | B21: Gartengeräte u. -zubehör (Sonstige) | C21: Kübel / Eimer | D21: Sicherheit-/Normprüfung | G21: 102_PPM + Belastungsprüfung (1,5-fache Nennlast für 60min.) | I21: Nein | K21: 0 | M21: Nein | N21: Nein | O21: für alle Eimer, die auf einer Baustelle verwendet werden können | P21: 67acbddf-35fa-4685-9768-d6c3c75a84c1
A22: Baumarkt | B22: Gartengeräte u. -zubehör (Sonstige) | C22: Pflanzenroller | D22: Sicherheit-/Normprüfung | G22: EK5/AK5 14-04.0-2014 | I22: Nein | K22: 0 | M22: Nein | N22: Nein | O22: Korrosion (EN ISO 4628-3) wenn Bauteile nicht durch Lackierung, Beschichtung , Werkstoffauswahl geschützt, Note Ri = 1 Künstliche Alterung bei Kunststoffbodenplatte ISO 4892 500h Kerbschlagbiegeprüfung (20% Reduzierung im Vergl. zur unbehandelten Probe) im EK gefordert: Typenschild + Herstellererklärung zur Tragfähigkeit der Rollen + der verwendeten Materialien | P22: 5bb25fa6-347c-4430-9b7d-a873d8b23c0a
A23: Baumarkt | B23: Gartengeräte u. -zubehör (Sonstige) | C23: Rasenkante | D23: Sicherheit-/Normprüfung | G23: 102_PPM | I23: Nein | K23: 0 | M23: Nein | N23: Nein | O23: PSA beachten! | ggf. EE | Multiwinkel / Lineal / Zollstock / usw. | nicht trivial, wenn Verwendung auf Herd möglich | HG | P23: 868f0d7b-3262-439b-baf1-692f10270d38
A24: Baumarkt | B24: Gartengeräte u. -zubehör (Sonstige) | C24: Tiervertreiber | D24: FFU/Fitting | G24: FFU laborintern ohne Probanden 30SER (70%/50%/10-30%) FFU Prüfung nach internem PPM (nur Falls im PA angegeben) Laborintern ohne Prüfung der Gebrauchstauglichkeit mittels Probanden. Es werden Punkte zur Funktionalität, Verarbeitungsqualität, Verständlichkeit der BDA geprüft) | I24: Nein | K24: 580 | M24: Nein | N24: Nein | P24: 23682bd0-1792-403b-b6c9-35f959ca99f8
A25: Baumarkt | B25: Gartengeräte u. -zubehör (Sonstige) | C25: Tiervertreiber | D25: Sicherheit-/Normprüfung | G25: Sicherheit / Normprüfung - Produktsicherheit Teilprüfung Anlehnung an 100_PPM - IP44 - Glühdraht Akku-Sicherheitskurzcheck Produkte mit Akku jeder Größe werden nach 163_PPM_TGS_REV_A_ Akku-Sicherheitskurzcheck Lidl geprüft | I25: Nein | K25: 0 | M25: Nein | N25: Nein | O25: Tiervertreiber Universal Sicherheit / Normprüfung - Produktsicherheit Für E&E Produkte immer nur Kurzprüfungen im Labor Anlehnung an 100_PPM - IP44 - Glühdraht 750€ Sicherheit / Normprüfung - Produktsicherheit Akku-Sicherheitskurzcheck Produkte mit Akku jeder Größe werden nach 163_PPM_TGS_REV_A_ Akku-Sicherheitskurzcheck Lidl geprüft 950€ Tiervertreiber Maulwurf Sicherheit / Normprüfung - Produktsicherheit Teilprüfung nach 0100_PPM - Kurzschluss - Erwärmung - Mech. Festigkeit - etc. 750€ | P25: 23682bd0-1792-403b-b6c9-35f959ca99f8
A26: Baumarkt | B26: Gartengeräte u. -zubehör (Sonstige) | C26: Trolley | D26: Sicherheit-/Normprüfung | G26: EK5/AK5 06-01.3:2011 | I26: Nein | K26: 0 | M26: Nein | N26: Nein | O26: UV-Beständigkeit Tragende Teile aus Kunststoff Korrosion nach DIN EN ISO 6270-2, 5 Zyklen nicht erfordlerlich bei galvanisch- oder pulverbeschichteten Bauteilen | P26: 6e8c7c0e-3e31-479a-9c6e-c36b7448425d
A27: Baumarkt | B27: Gartengeräte u. -zubehör (Sonstige) | C27: Vlies | D27: Sicherheit-/Normprüfung | G27: 102_PPM | I27: Nein | K27: 0 | M27: Nein | N27: Nein | O27: PSA beachten! | ggf. EE | Multiwinkel / Lineal / Zollstock / usw. | nicht trivial, wenn Verwendung auf Herd möglich | HG | P27: a9e4f9e3-5e74-45d3-bdb2-951ed7ac4b13
A28: Baumarkt | B28: Gartenhäuser | C28: Gartengerätehaus | D28: Sicherheit-/Normprüfung | G28: EK5/AK8 12-04.1:2012 | I28: Nein | M28: Nein | N28: Nein | O28: Korrosionsbeständigkeit Metalle müssen korrosionsgeschützt (Lackierung, Pulverbeschichtung, verzinkt) sein. Aluminium gilt als korrosionsbeständig. Herstellernachweis für tragende Kunststoffteile Der Kunststoff muss UV- und temperaturbeständig (min. 60°C) sein. Es wird ausschließlich ein Nachweis (z.B. Datenblatt etc.) vom Kunststoffhersteller akzeptiert. | P28: 80cdef55-dafc-4948-9284-ebec74f08d4a
A29: Baumarkt | B29: Gartenschläuche u. Aufroller | C29: Gartenschlauch | D29: FFU/Fitting | G29: 004_PPM_FFU | I29: Nein | K29: 600 | M29: Nein | N29: Nein | P29: 2175b528-824c-4821-a449-e9cf3d5b42bb
A30: Baumarkt | B30: Gartenschläuche u. Aufroller | C30: Gartenschlauch | D30: Sicherheit-/Normprüfung | G30: EK5/AK8 13-05.02:2017 (Gartenbewässerungsartikel) | I30: Nein | K30: 540 | M30: Nein | N30: Nein | O30: CE-Kennzeichnung! KE nötig. | Verkaufsverpackung bereits im PRE-Test prüfen! Warnhinweise müssen vorhanden sein! | P30: 2175b528-824c-4821-a449-e9cf3d5b42bb
A31: Baumarkt | B31: Gartenschläuche u. Aufroller | C31: Schlauchaufroller | D31: FFU/Fitting | G31: 038_PPM_FFU | I31: Nein | K31: 960 | M31: Nein | N31: Nein | P31: 33bc738e-f7be-4a24-ba8d-4097ee71b597
A32: Baumarkt | B32: Gartenschläuche u. Aufroller | C32: Schlauchaufroller | D32: Sicherheit-/Normprüfung | G32: EK5/AK8 13-05.02:2017 (Gartenbewässerungsartikel) | I32: Nein | K32: 540 | M32: Nein | N32: Nein | O32: CE-Kennzeichnung! KE nötig. | Verkaufsverpackung bereits im PRE-Test prüfen! Warnhinweise müssen vorhanden sein! | P32: 33bc738e-f7be-4a24-ba8d-4097ee71b597
A33: Baumarkt | B33: Gartenwerkzeug handgeführt u. Zubehör | C33: Erntehelfer | D33: Sicherheit-/Normprüfung | G33: 102_PPM | I33: Nein | K33: 0 | M33: Nein | N33: Nein | O33: PSA beachten! | ggf. EE | Multiwinkel / Lineal / Zollstock / usw. | nicht trivial, wenn Verwendung auf Herd möglich | HG | P33: 0ec4e4d1-dd15-47bd-b338-d37e78a6e6b9
A34: Baumarkt | B34: Gasgrills | C34: Gasgrill | D34: Sicherheit-/Normprüfung | G34: DIN EN 1860-1 | I34: Nein | K34: 0 | M34: Nein | N34: Nein | O34: Gasgeräteverordnung! CE-Zeichen! KE nötig. Prüfung über Asien | Für GS-Projekte EK-Beschlussliste EK5/AK8 beachten! | P34: 261cdf89-c63d-441f-9b62-f717b496993e
A35: Baumarkt | B35: Grillzubehör | C35: Anzündkamin | D35: Sicherheit-/Normprüfung | G35: in Anlehnung an DIN EN 1860-1 | I35: Nein | K35: 360 | M35: Nein | N35: Nein | P35: d33a5055-ad8b-4394-a48f-37e74f574bca
A36: Baumarkt | B36: Grillzubehör | C36: Feuerzeug | D36: Sicherheit-/Normprüfung | G36: ISO 22702 | I36: Nein | K36: 900 | M36: Nein | N36: Nein | P36: 2264c2ce-8d2e-4e02-82d6-fce51e04eb10
A37: Baumarkt | B37: Grillzubehör | C37: Grillabdeckung | D37: Sicherheit-/Normprüfung | G37: 102_PPM | I37: Nein | K37: 0 | M37: Nein | N37: Nein | O37: PSA beachten! | ggf. EE | Multiwinkel / Lineal / Zollstock / usw. | nicht trivial, wenn Verwendung auf Herd möglich | HG | P37: 2d679c74-d480-4f62-938d-0b2d2b388b68
A38: Baumarkt | B38: Grillzubehör | C38: Grillbürsten | D38: Sicherheit-/Normprüfung | G38: 102_PPM | I38: Nein | K38: 270 | M38: Nein | N38: Nein | O38: PSA beachten! | ggf. EE | Multiwinkel / Lineal / Zollstock / usw. | nicht trivial, wenn Verwendung auf Herd möglich | HG | P38: 4f7a4dad-e07a-4c34-8ae3-5a7ce7e6691d
A39: Baumarkt | B39: Grillzubehör | C39: Grillzubehör / Kaminzubehör | D39: Sicherheit-/Normprüfung | G39: 102_PPM | I39: Nein | K39: 540 | M39: Nein | N39: Nein | O39: PSA beachten! | ggf. EE | Multiwinkel / Lineal / Zollstock / usw. | nicht trivial, wenn Verwendung auf Herd möglich | HG | P39: 19aee4af-09bb-434c-b3b6-e68a7e544a97
A40: Baumarkt | B40: Kamine, Öfen u. Zubehör | C40: Kaminbesteck | D40: Sicherheit-/Normprüfung | G40: 102_PPM | I40: Nein | K40: 270 | M40: Nein | N40: Nein | O40: PSA beachten! | ggf. EE | Multiwinkel / Lineal / Zollstock / usw. | nicht trivial, wenn Verwendung auf Herd möglich | HG | P40: ee5dfac1-ce50-49b3-a13e-510cbb24f24e
A41: Baumarkt | B41: Kleinteilesets u. Eisenwaren | C41: Blechschrauben | D41: Sicherheit-/Normprüfung | G41: DIN 968 & DIN EN ISO 1478 & DIN EN ISO 3506-4 | I41: Nein | K41: 0 | M41: Nein | N41: Nein | P41: ed6c10dc-29bb-4b71-ad91-79241a9da2e7
A42: Baumarkt | B42: Kleinteilesets u. Eisenwaren | C42: Dübel | D42: Sicherheit-/Normprüfung | G42: DIN EN 1992-4 | I42: Nein | K42: 0 | M42: Nein | N42: Nein | P42: 53b17e0d-7cc0-42e9-99e3-81a4c4b359f0
A43: Baumarkt | B43: Kleinteilesets u. Eisenwaren | C43: Haken- und Dübelsortiment, Kabelbindersortiment, Nagelsortiment, Dübelsortiment 4fach sort. | D43: FFU/Fitting | G43: 110_PPM_FFU | I43: Nein | K43: 460 | M43: Nein | N43: Nein | P43: d7385ddc-768a-437f-b589-23a4b223d4d9
A44: Baumarkt | B44: Kleinteilesets u. Eisenwaren | C44: Haken- und Dübelsortiment, Kabelbindersortiment, Nagelsortiment, Dübelsortiment 4fach sort. | D44: Sicherheit-/Normprüfung | G44: Teilprüfung nach 1992-4 (Mech) Teilprüfung nach DIN EN 62275 (Kabelbinder) | I44: Nein | K44: 0 | M44: Nein | N44: Nein | O44: EE | P44: d7385ddc-768a-437f-b589-23a4b223d4d9
A45: Baumarkt | B45: Kleinteilesets u. Eisenwaren | C45: Holzverbinder | D45: Sicherheit-/Normprüfung | G45: EN 14545 | I45: Nein | K45: 0 | M45: Nein | N45: Nein | P45: 050cfb07-d793-4477-bea7-68d1a7a0be01
A46: Baumarkt | B46: Kleinteilesets u. Eisenwaren | C46: Kabelbinder | D46: Sicherheit-/Normprüfung | G46: Sicherheit- / Normprüfung Teilprüfung nach EN IEC 62275:2019 - 8 Aufbau - 9.2 Installationsprüfung | I46: Nein | K46: 0 | M46: Nein | N46: Nein | O46: EE | P46: 6847b9a7-0553-4bbe-b2bc-316e6f8bb82e
A47: Baumarkt | B47: Kleinteilesets u. Eisenwaren | C47: Kleinteileset Niedervolt 7-fach sort. | D47: Sicherheit-/Normprüfung | G47: Sicherheit / Normprüfung - Produktsicherheit Teilprüfung Schneidklemmen (CE): EN 60998-2-3 - Cl.17 - Luft- und Kriechstrecken - Cl. 13.3 & 13.4 Hochspannung & Isolationsprüfung - Cl.16.3 Kugeldruckpr. - Cl. 18 Glühdrahtpr. Sicherheit / Normprüfung - Produktsicherheit Teilprüfung Klettkabelinder: 102_PPM Sicherheit / Normprüfung - Produktsicherheit Teilprüfung Verbindersortiment und Schelle: 102_PPM Schrumpfschlauch: 102_PPM Krokodilklemmen (24 V): 102_PPM | I47: Nein | K47: 0 | M47: Nein | N47: Nein | O47: EE | P47: 9566bfe5-8a18-45e0-8b57-a178d7e3126d
A48: Baumarkt | B48: Kleinteilesets u. Eisenwaren | C48: Nägel | D48: Sicherheit-/Normprüfung | G48: DIN EN 10230-1 &DIN EN 14592 | I48: Nein | K48: 0 | M48: Nein | N48: Nein | P48: 9727b107-5c45-43e7-8643-58a2cc894094
A49: Baumarkt | B49: Kleinteilesets u. Eisenwaren | C49: Schrumpfschlauch-, Kabelstoßverbinder-, Lüsterklemmen-, Lötverbinderset, Kabelschellenset 5 fach sort | D49: Sicherheit-/Normprüfung | G49: Sicherheit / Normprüfung - Produktsicherheit Teilprüfung nach DIN EN 60998-2-1 Teilprüfung nach DIN EN 60684-1 | I49: Nein | K49: 0 | M49: Nein | N49: Nein | O49: EE | P49: 383a51fa-6045-41c9-8774-fe9412acb0a2
A50: Baumarkt | B50: Kleinteilesets u. Eisenwaren | C50: Schrumpfschlauch-Sortiment 8fach sort. | D50: Sicherheit-/Normprüfung | G50: Sicherheit- / Normprüfung Teilprüfung in Anlehnung an EN IEC 62775:2019 und EN 60998-2-3:2004 und allgemeine Sicherheit | I50: Nein | K50: 0 | M50: Nein | N50: Nein | O50: EE | P50: 1b8fb572-85fc-4831-8d8a-ace6a83c3a3c
A51: Baumarkt | B51: Kleinteilesets u. Eisenwaren | C51: Sechskantschrauben | D51: Sicherheit-/Normprüfung | G51: DIN EN ISO 4014 &DIN 13-20 | I51: Nein | K51: 0 | M51: Nein | N51: Nein | P51: e24d51d0-7c16-43e6-81ee-b542f9f32cdb
A52: Baumarkt | B52: Kleinteilesets u. Eisenwaren | C52: Spanplattenschrauben | D52: Sicherheit-/Normprüfung | G52: ÖNORM M 5027 &DIN EN 14592 &DIN EN ISO 9227 & PA565 | I52: Nein | K52: 0 | M52: Nein | N52: Nein | P52: beaa39e9-9d3c-4991-940d-7286cb9730e6
A53: Baumarkt | B53: Kohlegrills | C53: Kohlegrills | D53: FFU/Fitting | G53: 163_PPM_FFU | I53: Nein | K53: 820 | M53: Nein | N53: Nein | O53: in Anlehnung an StiWa 06/2014 | P53: 660c69c6-7d1d-4dfb-b60b-8d0917855ea6
A54: Baumarkt | B54: Kohlegrills | C54: Kohlegrills | D54: NGO / StiWa | G54: StiWa 06/2014 | I54: Nein | K54: 2420 | M54: Nein | N54: Nein | P54: 660c69c6-7d1d-4dfb-b60b-8d0917855ea6
A55: Baumarkt | B55: Kohlegrills | C55: Kohlegrills | D55: Sicherheit-/Normprüfung | G55: DIN EN 1860-1 | I55: Nein | K55: 1450 | M55: Nein | N55: Nein | O55: Gasgeräteverordnung! CE-Zeichen! KE nötig. Prüfung über Asien | Für GS-Projekte EK-Beschlussliste EK5/AK8 beachten! | P55: 660c69c6-7d1d-4dfb-b60b-8d0917855ea6
A56: Baumarkt | B56: Lacke | C56: Folien | D56: Sicherheit-/Normprüfung | G56: 102_PPM | I56: Nein | K56: 720 | M56: Nein | N56: Nein | O56: PSA beachten! | ggf. EE | Multiwinkel / Lineal / Zollstock / usw. | nicht trivial, wenn Verwendung auf Herd möglich | HG | P56: 14b8a7fd-5c96-4175-8e94-7de8d9b3a262
A57: Baumarkt | B57: Malerwerkzeug | C57: Auspresspistole | D57: Sicherheit-/Normprüfung | G57: EK5/AK2 23-1-2023 | I57: Nein | K57: 900 | M57: Nein | N57: Nein | P57: 9021c7d3-78d6-4804-9c18-6fa2689d006d
A58: Baumarkt | B58: Malerwerkzeug | C58: Klebeband | D58: Sicherheit-/Normprüfung | G58: 102_PPM | I58: Nein | K58: 540 | M58: Nein | N58: Nein | O58: PSA beachten! | ggf. EE | Multiwinkel / Lineal / Zollstock / usw. | nicht trivial, wenn Verwendung auf Herd möglich | HG | P58: 6e42eca1-991e-4689-b51e-b5828cdff3b7
A59: Baumarkt | B59: Malerwerkzeug | C59: Malerpinsel | D59: Sicherheit-/Normprüfung | G59: 102_PPM | I59: Nein | K59: 540 | M59: Nein | N59: Nein | O59: PSA beachten! | ggf. EE | Multiwinkel / Lineal / Zollstock / usw. | nicht trivial, wenn Verwendung auf Herd möglich | HG | P59: aea1883c-6b49-41b8-8497-acab5f224fd8
A60: Baumarkt | B60: Malerwerkzeug | C60: Vlies / Folie | D60: Sicherheit-/Normprüfung | G60: 102_PPM | I60: Nein | K60: 0 | M60: Nein | N60: Nein | O60: PSA beachten! | ggf. EE | Multiwinkel / Lineal / Zollstock / usw. | nicht trivial, wenn Verwendung auf Herd möglich | HG | P60: c015c4f6-749b-4004-8b1b-35530e8b3cb9
A61: Baumarkt | B61: Pflanzgefäße u. Gewächshäuser | C61: Begehbares Gewächshaus | D61: Sicherheit-/Normprüfung | G61: EK5/AK8 12-03.1:2012 | I61: Nein | K61: 1080 | M61: Nein | N61: Nein | O61: Herstellernachweis für tragende Kunststoffteile Der Kunststoff muss UV- und temperaturbeständig (min. 60°C) sein. Es wird ausschließlich ein Nachweis (z.B. Datenblatt etc.) vom Kunststoffhersteller akzeptiert. Korrosionsbeständigkeit Metalle müssen korrosionsgeschützt (Lackierung, Pulverbeschichtung, verzinkt) sein. Aluminium gilt als korrosionsbeständig. | P61: 32f8ae9d-9b83-498b-9147-139715185e1c
A62: Baumarkt | B62: Pflanzgefäße u. Gewächshäuser | C62: Pflanztöpfe | D62: Sicherheit-/Normprüfung | G62: 102_PPM | I62: Nein | K62: 540 | M62: Nein | N62: Nein | O62: PSA beachten! | ggf. EE | Multiwinkel / Lineal / Zollstock / usw. | nicht trivial, wenn Verwendung auf Herd möglich | HG | P62: 44cc5293-dde9-479f-a966-32565bb99eaa
A63: Baumarkt | B63: Prüf- u. Messwerkzeuge | C63: Einfache Messinstrumente | D63: Sicherheit-/Normprüfung | G63: 102_PPM | I63: Nein | K63: 0 | M63: Nein | N63: Nein | O63: PSA beachten! | ggf. EE | Multiwinkel / Lineal / Zollstock / usw. | nicht trivial, wenn Verwendung auf Herd möglich | HG | P63: 9ac9d0cb-db8d-4b7e-a57d-4d0a6677faa0
A64: Baumarkt | B64: Spann- u. Klemmwerkzeuge | C64: (Schraub-)Zwingen | D64: Sicherheit-/Normprüfung | G64: DIN 5117 | I64: Nein | K64: 0 | M64: Nein | N64: Nein | P64: 1520ab0e-ba50-46ce-bcc0-6af868f7f898
A65: Baumarkt | B65: Spann- u. Klemmwerkzeuge | C65: Einhandzwinge | D65: Sicherheit-/Normprüfung | G65: EK5/AK2 18-01:2018 | I65: Nein | K65: 0 | M65: Nein | N65: Nein | P65: 89b21373-b951-4dd9-9a89-ded09b6a459b
A66: Baumarkt | B66: Spann- u. Klemmwerkzeuge | C66: Rohrschraubzwinge | D66: Sicherheit-/Normprüfung | G66: in Anlehnung an / according to EK5/AK2 18-01 | I66: Nein | K66: 0 | M66: Nein | N66: Nein | P66: f7faa0fd-2307-45d0-bd77-56bd7732b679
A67: Baumarkt | B67: Spann- u. Klemmwerkzeuge | C67: Schraubstock | D67: FFU/Fitting | G67: 515_PPM_FFU_REV_A_Schraubstock | I67: Nein | K67: 960 | M67: Nein | N67: Nein | P67: e8a9e875-a7eb-453e-b894-b54ec0ca6afd
A68: Baumarkt | B68: Spann- u. Klemmwerkzeuge | C68: Schraubstock | D68: Sicherheit-/Normprüfung | G68: PA 80-3-5.2 | I68: Nein | K68: 0 | M68: Nein | N68: Nein | P68: e8a9e875-a7eb-453e-b894-b54ec0ca6afd
A69: Baumarkt | B69: Transport | C69: Rollbrett | D69: Sicherheit-/Normprüfung | G69: EK5-AK5 14-04.0-2014 PfG Transportroller / Möbelroller | I69: Nein | K69: 900 | M69: Nein | N69: Nein | P69: 831bd402-2d0f-4cdf-832d-89778fa60026
A70: Baumarkt | B70: Transport | C70: Sackkarre | D70: Sicherheit-/Normprüfung | G70: EK5/AK5 06-01.3:2011 | I70: Nein | K70: 1450 | M70: Nein | N70: Nein | O70: UV-Beständigkeit Tragende Teile aus Kunststoff Korrosion nach DIN EN ISO 6270-2, 5 Zyklen nicht erfordlerlich bei galvanisch- oder pulverbeschichteten Bauteilen | P70: ba1c79e4-1d42-4c25-bea6-b88255d3aa3d
A71: Baumarkt | B71: Türen u. Fenster | C71: Dichtungen | D71: Sicherheit-/Normprüfung | G71: 102_PPM | I71: Nein | K71: 0 | M71: Nein | N71: Nein | O71: PSA beachten! | ggf. EE | Multiwinkel / Lineal / Zollstock / usw. | nicht trivial, wenn Verwendung auf Herd möglich | HG | P71: 60589dd0-2c5d-4e14-8643-e143313de16d
A72: Baumarkt | B72: Türen u. Fenster | C72: Filzgleiter | D72: Sicherheit-/Normprüfung | G72: 102_PPM | I72: Nein | K72: 0 | M72: Nein | N72: Nein | O72: PSA beachten! | ggf. EE | Multiwinkel / Lineal / Zollstock / usw. | nicht trivial, wenn Verwendung auf Herd möglich | HG | P72: c0f794af-a9d8-4ba6-9ab2-6e5dbd0cbd13
A73: Baumarkt | B73: Werkstatt -Hartwaren (Sonstige) | C73: Einhand-Bügelsägen | D73: FFU/Fitting | G73: 519_PPM_FFU | I73: Nein | M73: Nein | N73: Nein | P73: c45c9bf8-d97a-4474-bcf5-7f5c1cdc9063
A74: Baumarkt | B74: Werkstatt -Hartwaren (Sonstige) | C74: Einhand-Bügelsägen | D74: Sicherheit-/Normprüfung | G74: EK5/AK2 12-05:2012 | I74: Nein | M74: Nein | N74: Nein | P74: c45c9bf8-d97a-4474-bcf5-7f5c1cdc9063
A75: Baumarkt | B75: Werkstatt -Hartwaren (Sonstige) | C75: Gartensägen | D75: FFU/Fitting | G75: 519_PPM_FFU | I75: Nein | M75: Nein | N75: Nein | P75: e2c6f052-8d8e-4677-bf66-dff70ec27329
A76: Baumarkt | B76: Werkstatt -Hartwaren (Sonstige) | C76: Gartensägen | D76: Sicherheit-/Normprüfung | G76: EK5/AK2 21-02:2021 | I76: Nein | M76: Nein | N76: Nein | P76: e2c6f052-8d8e-4677-bf66-dff70ec27329
A77: Baumarkt | B77: Werkstatt -Hartwaren (Sonstige) | C77: Gewindestangen | D77: Sicherheit-/Normprüfung | G77: DIN 976-1 | I77: Nein | K77: 0 | M77: Nein | N77: Nein | P77: 16f91cc1-3121-41bd-a337-6f21126f1f26
A78: Baumarkt | B78: Werkstatt -Hartwaren (Sonstige) | C78: Hammer | D78: Sicherheit-/Normprüfung | F78: MECH_S_NORM_TS | G78: DIN 1193 (Latthammer DIN 7239) (Schlosserhammer DIN 1041), (Maurerhammer DIN 5108), (Gummihammer DIN 5128), (Klauenhammer ???) (Holzstiel bis 2kg DIN 5111, Holzstiel über 2kg DIN 5112) (Holz- u Kunststoffstiele EK5 AK2 PA 80-8.1.1 2017-10) | I78: Nein | K78: 720 | M78: Nein | N78: Nein | P78: e24abdab-c211-4a24-8d76-fb8450795d18
A79: Baumarkt | B79: Werkstatt -Hartwaren (Sonstige) | C79: Handmeißel | D79: Sicherheit-/Normprüfung | G79: EK5/AK2 23-02:2023 | I79: Nein | M79: Nein | N79: Nein | P79: 2fc7efe5-d30e-4678-b6f7-b4a1e35e0970
A80: Baumarkt | B80: Werkstatt -Hartwaren (Sonstige) | C80: Japansäge | D80: FFU/Fitting | G80: 516_PPM_FFU | I80: Nein | K80: 650 | M80: Nein | N80: Nein | P80: 0f670a2a-02ae-4081-ad6f-17ac6c74f9ce
A81: Baumarkt | B81: Werkstatt -Hartwaren (Sonstige) | C81: Japansäge | D81: Sicherheit-/Normprüfung | G81: EK5/AK2 21-02:2021 inkl. Beschluss EK5/AK2 17/10-1 | I81: Nein | K81: 0 | M81: Nein | N81: Nein | P81: 0f670a2a-02ae-4081-ad6f-17ac6c74f9ce
A82: Baumarkt | B82: Werkstatt -Hartwaren (Sonstige) | C82: Schäkel | D82: Sicherheit-/Normprüfung | G82: 102_PPM + Belastungsprüfung | I82: Nein | K82: 0 | M82: Nein | N82: Nein | P82: d8ac1003-217b-4350-a948-18ff6c906461
A83: Baumarkt | B83: Werkstatt -Hartwaren (Sonstige) | C83: Seile | D83: Sicherheit-/Normprüfung | G83: 102_PPM + Zugprüfung in Anlehnung an DIN EN ISO 2307 | I83: Nein | K83: 0 | M83: Nein | N83: Nein | P83: 3d97ef93-c603-4463-a7eb-721951311df3
A84: Baumarkt | B84: Werkstatt -Hartwaren (Sonstige) | C84: Spachtel | D84: Sicherheit-/Normprüfung | G84: 102_PPM in Anlehnung an EK5.2 PA 80-4.2.1 -> Punkt 2 -> Punkt 3 (ohne 3.6) -> Punkt 4.1 | I84: Nein | K84: 520 | M84: Nein | N84: Nein | O84: ggf. Auslobung nach DIN 6439 DIN 6440 & DIN 6441 DIN 7216 | P84: 5ce3cc6f-4fb1-4d73-a533-ffc0f8a17374
A85: Baumarkt | B85: Werkzeugaufbewahrung | C85: Boxen | D85: Sicherheit-/Normprüfung | G85: 102_PPM | I85: Nein | K85: 0 | M85: Nein | N85: Nein | O85: PSA beachten! | ggf. EE | Multiwinkel / Lineal / Zollstock / usw. | nicht trivial, wenn Verwendung auf Herd möglich | HG | P85: 44d97eb2-8265-476e-94a7-f01cf9b44d48
A86: Baumarkt | B86: Werkzeugaufbewahrung | C86: Magnete | D86: Sicherheit-/Normprüfung | G86: 102_PPM | I86: Nein | K86: 0 | M86: Nein | N86: Nein | O86: PSA beachten! | ggf. EE | Multiwinkel / Lineal / Zollstock / usw. | nicht trivial, wenn Verwendung auf Herd möglich | HG | P86: 31f988d5-1e43-4eff-8536-3501004e8784
A87: Baumarkt | B87: Werkzeugaufbewahrung | C87: Magnetwerkzeugset mit LED-Lampe | D87: Sicherheit-/Normprüfung | G87: Sicherheit- / Normprüfung / Laborprüfzeit 300 min. risikobasierte Teilprüfung nach 0100_PPM 750€ - Kurzschluss - Erwärmung - Mech. Festigkeit - Zugägnlichkeit der Knopfzellen - etc. Sicherheit- / Normprüfung / Laborprüfzeit 270 min. 102_PPM Mechanische Sicherheit 660€ | I87: Nein | K87: 0 | M87: Nein | N87: Nein | O87: EE | P87: 70f986f3-bdaf-43db-922b-dd329bac3471
A88: Baumarkt | B88: Werkzeugaufbewahrung | C88: Sortimentsbox | D88: Sicherheit-/Normprüfung | G88: 102_PPM | I88: Nein | K88: 0 | M88: Nein | N88: Nein | O88: PSA beachten! | ggf. EE | Multiwinkel / Lineal / Zollstock / usw. | nicht trivial, wenn Verwendung auf Herd möglich | HG | P88: 4a69d573-f0b4-4f35-917e-1662e65a492d
A89: Baumarkt | B89: Zubehör Anzucht u. Bepflanzung | C89: Pflanzenschutz | D89: Sicherheit-/Normprüfung | G89: 102_PPM | I89: Nein | K89: 720 | M89: Nein | N89: Nein | O89: PSA beachten! | ggf. EE | Multiwinkel / Lineal / Zollstock / usw. | nicht trivial, wenn Verwendung auf Herd möglich | HG | P89: 1ddb8caa-0d6e-4787-8475-a830c90c325f
A90: Haushalt/Beauty | B90: Kosmetik | C90: Beheizbare Wimpernbürste | D90: Sicherheit-/Normprüfung | G90: Sicherheit / Normprüfung - Produktsicherheit Teilprüfung nach EN 60335-2-23 Sicherheit / Normprüfung - Produktsicherheit Akku-Sicherheitskurzcheck Produkte mit Akku jeder Größe werden nach 163_PPM_TGS_REV_A_ Akku-Sicherheitskurzcheck Lidl geprüft | I90: Nein | K90: 0 | M90: Nein | N90: Nein | O90: EE | P90: ef42effd-6111-4335-aabd-5a35cbfcd102
A91: Haushalt/Beauty | B91: Kosmetik | C91: Kosmetikspiegel LED | D91: FFU/Fitting | G91: FFU im Feld mit Probanden (162_PPM_TGS_Kosmetikspiegel mit Beleuchtung) FFU Prüfung nach internem PPM | I91: Nein | K91: 1350 | M91: Nein | N91: Nein | P91: 771901d4-3d75-4ea3-8e2b-a8888a9c47b1
A92: Haushalt/Beauty | B92: Kosmetik | C92: Kosmetikspiegel LED | D92: Sicherheit-/Normprüfung | G92: Sicherheit- / Normprüfung EN 60598-2 -Cl. 4.12 - Prüfung der Dauerhaftigkeit und der Erwärmung -Cl. 4.15 - Wärmebeständigkeit, Feuerbeständigkeit und Kriechstromfestigkeit | I92: Nein | K92: 0 | M92: Nein | N92: Nein | O92: EE | P92: 771901d4-3d75-4ea3-8e2b-a8888a9c47b1
A93: Haushalt/Beauty | B93: Kosmetik | C93: Organizer / Aufbewahrung | D93: Sicherheit-/Normprüfung | G93: 102_PPM | I93: Nein | K93: 540 | M93: Nein | N93: Nein | O93: PSA beachten! | ggf. EE | Multiwinkel / Lineal / Zollstock / usw. | nicht trivial, wenn Verwendung auf Herd möglich | HG | P93: 132c0c21-58bc-412d-a221-0fe5f354814a
A94: Haushalt/Beauty | B94: Kosmetik | C94: Pinsel / Gesichtspflege | D94: Sicherheit-/Normprüfung | G94: 102_PPM | I94: Nein | K94: 540 | M94: Nein | N94: Nein | O94: PSA beachten! | ggf. EE | Multiwinkel / Lineal / Zollstock / usw. | nicht trivial, wenn Verwendung auf Herd möglich | HG | P94: 62c955f9-77c8-41c7-a868-b2660eca846d
A95: Haushalt/Beauty | B95: Kosmetik | C95: Porenreiniger | D95: FFU/Fitting | G95: FFU laborintern ohne Probanden 30SER (70%/50%/10-30%) FFU Prüfung nach internem PPM (nur Falls im PA angegeben) Laborintern ohne Prüfung der Gebrauchstauglichkeit mittels Probanden. Es werden Punkte zur Funktionalität, Verarbeitungsqualität, Verständlichkeit der BDA geprüft) | I95: Nein | K95: 450 | M95: Nein | N95: Nein | P95: 214ce2a7-68a6-4b08-a508-bb4eeca2b900
A96: Haushalt/Beauty | B96: Kosmetik | C96: Porenreiniger | D96: Sicherheit-/Normprüfung | G96: Sicherheit / Normprüfung - Produktsicherheit Teilprüfung nach EN 60335-2-23 Sicherheit / Normprüfung - Produktsicherheit Akku-Sicherheitskurzcheck Produkte mit Akku jeder Größe werden nach 163_PPM_TGS_REV_A_ Akku-Sicherheitskurzcheck Lidl geprüft | I96: Nein | K96: 0 | M96: Nein | N96: Nein | O96: EE | P96: 214ce2a7-68a6-4b08-a508-bb4eeca2b900
A97: Haushalt/Beauty | B97: Kosmetik | C97: Scheren / Rasierer | D97: Sicherheit-/Normprüfung | G97: 102_PPM | I97: Nein | K97: 720 | M97: Nein | N97: Nein | O97: PSA beachten! | ggf. EE | Multiwinkel / Lineal / Zollstock / usw. | nicht trivial, wenn Verwendung auf Herd möglich | HG | P97: 005c8823-268a-4785-9039-e77941b9dae0
A98: Haushalt/Beauty | B98: Kosmetik | C98: Spiegel | D98: Sicherheit-/Normprüfung | G98: 102_PPM | I98: Nein | K98: 720 | M98: Nein | N98: Nein | O98: PSA beachten! | ggf. EE | Multiwinkel / Lineal / Zollstock / usw. | nicht trivial, wenn Verwendung auf Herd möglich | HG | P98: 21effb88-cd8c-4419-a529-d30155dcc92b
A99: Haushalt/Beauty | B99: Maniküre u. Pediküre | C99: Hornhautentferner | D99: FFU/Fitting | G99: siehe Test Report 6995971_01_A_FFU vom 18.06.24 | I99: Nein | K99: 1350 | M99: Nein | N99: Nein | P99: 5b6dc34d-6981-4ce0-bf01-2a4ec010c950
A100: Haushalt/Beauty | B100: Maniküre u. Pediküre | C100: Hornhautentferner | D100: Sicherheit-/Normprüfung | G100: Sicherheit-/Normprüfung Teilprüfung nach EN 60335-2-8 | I100: Nein | K100: 0 | M100: Nein | N100: Nein | O100: EE | P100: 5b6dc34d-6981-4ce0-bf01-2a4ec010c950
...

Sheet Prüfgrundlagen
A1: Eine Zeile je Produkt: welche Prüfungen gefordert sind, wie viele Muster nötig sind und wie lange es dauert. Die drei Summenspalten sind Formeln über das Blatt „Prüfanforderungen“ und rechnen sich damit wie im Tool. Die Spalte „Status“ markiert Produkte ohne zugeordnete Norm und solche mit 0 € Kosten.
A2: Bereich | B2: Warengruppe | C2: WG-Code | D2: Produkt | E2: Status | F2: Trivial | G2: Anzahl Muster | H2: Bearbeitungs-dauer (AT) | I2: Kennz. | J2: BDA | K2: Normen Sicherheit/Norm | L2: Summe Sicherheit/Norm | M2: Kommentar Sicherheit/Norm | N2: Bemerkungen aus den Normen | O2: FFU-Normen | P2: Summe FFU | Q2: Kommentar FFU | R2: NGO/StiWa-Normen | S2: Summe NGO/StiWa | T2: Kommentar NGO/StiWa | U2: Kosten TP | V2: Kosten alt | W2: ID
B3: Grills u. Feuerstellen | C3: 370040 | D3: Feuerrohr | E3: =IF(COUNTIFS(Prüfanforderungen!$P$3:$P$181,$W3)=0,"keine Norm hinterlegt",IF($L3=0,"0 € hinterlegt","")) -> 0 € hinterlegt | F3: Nein | G3: 3 | I3: Nein | J3: Nein | K3: in Anlehnung an EK5/AK8 17-12.01:2017 | L3: =IF(COUNTIFS(Prüfanforderungen!$P$3:$P$181,$W3,Prüfanforderungen!$D$3:$D$181,"Sicherheit-/Normprüfung",Prüfanforderungen!$K$3:$K$181,">=0")=0,"Preis auf Anfrage",SUMIFS(Prüfanforderungen!$K$3:$K$181,Prüfanforderungen!$P$3:$P$181,$W3,Prüfanforderungen!$D$3:$D$181,"Sicherheit-/Normprüfung")) -> 0 | P3: =IF(COUNTIFS(Prüfanforderungen!$P$3:$P$181,$W3,Prüfanforderungen!$D$3:$D$181,"FFU/Fitting",Prüfanforderungen!$K$3:$K$181,">=0")=0,"Preis auf Anfrage",SUMIFS(Prüfanforderungen!$K$3:$K$181,Prüfanforderungen!$P$3:$P$181,$W3,Prüfanforderungen!$D$3:$D$181,"FFU/Fitting")) -> Preis auf Anfrage | S3: =IF(COUNTIFS(Prüfanforderungen!$P$3:$P$181,$W3,Prüfanforderungen!$D$3:$D$181,"NGO / StiWa",Prüfanforderungen!$K$3:$K$181,">=0")=0,"Preis auf Anfrage",SUMIFS(Prüfanforderungen!$K$3:$K$181,Prüfanforderungen!$P$3:$P$181,$W3,Prüfanforderungen!$D$3:$D$181,"NGO / StiWa")) -> Preis auf Anfrage | V3: 960 | W3: 4c8771d7-734d-4d2f-bffc-38bf089559e5
A4: Baumarkt | B4: Bewässerungsgeräte u. -systeme | C4: 372020 | D4: (Schlauch-)Verbinder | E4: =IF(COUNTIFS(Prüfanforderungen!$P$3:$P$181,$W4)=0,"keine Norm hinterlegt",IF($L4=0,"0 € hinterlegt","")) | F4: Nein | G4: 4 | I4: Nein | J4: Nein | K4: EK5/AK8 13-05.02:2017 (Gartenbewässerungsartikel) | L4: =IF(COUNTIFS(Prüfanforderungen!$P$3:$P$181,$W4,Prüfanforderungen!$D$3:$D$181,"Sicherheit-/Normprüfung",Prüfanforderungen!$K$3:$K$181,">=0")=0,"Preis auf Anfrage",SUMIFS(Prüfanforderungen!$K$3:$K$181,Prüfanforderungen!$P$3:$P$181,$W4,Prüfanforderungen!$D$3:$D$181,"Sicherheit-/Normprüfung")) -> 720 | N4: EK5/AK8 13-05.02:2017 (Gartenbewässerungsartikel): CE-Kennzeichnung! KE nötig. | Verkaufsverpackung bereits im PRE-Test prüfen! Warnhinweise müssen vorhanden sein! | P4: =IF(COUNTIFS(Prüfanforderungen!$P$3:$P$181,$W4,Prüfanforderungen!$D$3:$D$181,"FFU/Fitting",Prüfanforderungen!$K$3:$K$181,">=0")=0,"Preis auf Anfrage",SUMIFS(Prüfanforderungen!$K$3:$K$181,Prüfanforderungen!$P$3:$P$181,$W4,Prüfanforderungen!$D$3:$D$181,"FFU/Fitting")) -> Preis auf Anfrage | S4: =IF(COUNTIFS(Prüfanforderungen!$P$3:$P$181,$W4,Prüfanforderungen!$D$3:$D$181,"NGO / StiWa",Prüfanforderungen!$K$3:$K$181,">=0")=0,"Preis auf Anfrage",SUMIFS(Prüfanforderungen!$K$3:$K$181,Prüfanforderungen!$P$3:$P$181,$W4,Prüfanforderungen!$D$3:$D$181,"NGO / StiWa")) -> Preis auf Anfrage | V4: 960 | W4: 2485944d-4e9f-40dd-a345-9b29e0dbc6bf
A5: Baumarkt | B5: Bewässerungsgeräte u. -systeme | C5: 372020 | D5: Beregner | E5: =IF(COUNTIFS(Prüfanforderungen!$P$3:$P$181,$W5)=0,"keine Norm hinterlegt",IF($L5=0,"0 € hinterlegt","")) | F5: Nein | G5: 4 | I5: Nein | J5: Nein | K5: EK5/AK8 13-05.02:2017 (Gartenbewässerungsartikel) | L5: =IF(COUNTIFS(Prüfanforderungen!$P$3:$P$181,$W5,Prüfanforderungen!$D$3:$D$181,"Sicherheit-/Normprüfung",Prüfanforderungen!$K$3:$K$181,">=0")=0,"Preis auf Anfrage",SUMIFS(Prüfanforderungen!$K$3:$K$181,Prüfanforderungen!$P$3:$P$181,$W5,Prüfanforderungen!$D$3:$D$181,"Sicherheit-/Normprüfung")) -> 1080 | N5: EK5/AK8 13-05.02:2017 (Gartenbewässerungsartikel): CE-Kennzeichnung! KE nötig. | Verkaufsverpackung bereits im PRE-Test prüfen! Warnhinweise müssen vorhanden sein! | P5: =IF(COUNTIFS(Prüfanforderungen!$P$3:$P$181,$W5,Prüfanforderungen!$D$3:$D$181,"FFU/Fitting",Prüfanforderungen!$K$3:$K$181,">=0")=0,"Preis auf Anfrage",SUMIFS(Prüfanforderungen!$K$3:$K$181,Prüfanforderungen!$P$3:$P$181,$W5,Prüfanforderungen!$D$3:$D$181,"FFU/Fitting")) -> Preis auf Anfrage | S5: =IF(COUNTIFS(Prüfanforderungen!$P$3:$P$181,$W5,Prüfanforderungen!$D$3:$D$181,"NGO / StiWa",Prüfanforderungen!$K$3:$K$181,">=0")=0,"Preis auf Anfrage",SUMIFS(Prüfanforderungen!$K$3:$K$181,Prüfanforderungen!$P$3:$P$181,$W5,Prüfanforderungen!$D$3:$D$181,"NGO / StiWa")) -> Preis auf Anfrage | V5: 960 | W5: 069ad4a2-405c-4216-98cd-34abf3bb4553
A6: Baumarkt | B6: Bewässerungsgeräte u. -systeme | C6: 372020 | D6: Bewässerungscomputer | E6: =IF(COUNTIFS(Prüfanforderungen!$P$3:$P$181,$W6)=0,"keine Norm hinterlegt",IF($L6=0,"0 € hinterlegt","")) -> 0 € hinterlegt | F6: Nein | G6: 6 | I6: Nein | J6: Nein | K6: Sicherheit / Normprüfung - Produktsicherheit Für E&E Produkte immer nur Kurzprüfungen im Labor Kosten richten sich Produktart EK5/AK8 13-05.02:2017 - Cl. 4.6 Überdruck - Cl. 4.7 Fallprüfung | L6: =IF(COUNTIFS(Prüfanforderungen!$P$3:$P$181,$W6,Prüfanforderungen!$D$3:$D$181,"Sicherheit-/Normprüfung",Prüfanforderungen!$K$3:$K$181,">=0")=0,"Preis auf Anfrage",SUMIFS(Prüfanforderungen!$K$3:$K$181,Prüfanforderungen!$P$3:$P$181,$W6,Prüfanforderungen!$D$3:$D$181,"Sicherheit-/Normprüfung")) -> 0 | N6: Sicherheit / Normprüfung - Produktsicherheit Für E&E Produkte immer nur Kurzprüfungen im Labor Kosten richten sich Produktart EK5/AK8 13-05.02:2017 - Cl. 4.6 Überdruck - Cl. 4.7 Fallprüfung: EE | P6: =IF(COUNTIFS(Prüfanforderungen!$P$3:$P$181,$W6,Prüfanforderungen!$D$3:$D$181,"FFU/Fitting",Prüfanforderungen!$K$3:$K$181,">=0")=0,"Preis auf Anfrage",SUMIFS(Prüfanforderungen!$K$3:$K$181,Prüfanforderungen!$P$3:$P$181,$W6,Prüfanforderungen!$D$3:$D$181,"FFU/Fitting")) -> Preis auf Anfrage | S6: =IF(COUNTIFS(Prüfanforderungen!$P$3:$P$181,$W6,Prüfanforderungen!$D$3:$D$181,"NGO / StiWa",Prüfanforderungen!$K$3:$K$181,">=0")=0,"Preis auf Anfrage",SUMIFS(Prüfanforderungen!$K$3:$K$181,Prüfanforderungen!$P$3:$P$181,$W6,Prüfanforderungen!$D$3:$D$181,"NGO / StiWa")) -> Preis auf Anfrage | V6: 450 | W6: 301373e8-13f1-43a5-915e-a88c37b35d6d
A7: Baumarkt | B7: Bewässerungsgeräte u. -systeme | C7: 372020 | D7: Gartenbrause | E7: =IF(COUNTIFS(Prüfanforderungen!$P$3:$P$181,$W7)=0,"keine Norm hinterlegt",IF($L7=0,"0 € hinterlegt","")) | F7: Nein | G7: 4 | I7: Nein | J7: Nein | K7: EK5/AK8 13-05.02:2017 (Gartenbewässerungsartikel) | L7: =IF(COUNTIFS(Prüfanforderungen!$P$3:$P$181,$W7,Prüfanforderungen!$D$3:$D$181,"Sicherheit-/Normprüfung",Prüfanforderungen!$K$3:$K$181,">=0")=0,"Preis auf Anfrage",SUMIFS(Prüfanforderungen!$K$3:$K$181,Prüfanforderungen!$P$3:$P$181,$W7,Prüfanforderungen!$D$3:$D$181,"Sicherheit-/Normprüfung")) -> 720 | N7: EK5/AK8 13-05.02:2017 (Gartenbewässerungsartikel): CE-Kennzeichnung! KE nötig. | Verkaufsverpackung bereits im PRE-Test prüfen! Warnhinweise müssen vorhanden sein! | P7: =IF(COUNTIFS(Prüfanforderungen!$P$3:$P$181,$W7,Prüfanforderungen!$D$3:$D$181,"FFU/Fitting",Prüfanforderungen!$K$3:$K$181,">=0")=0,"Preis auf Anfrage",SUMIFS(Prüfanforderungen!$K$3:$K$181,Prüfanforderungen!$P$3:$P$181,$W7,Prüfanforderungen!$D$3:$D$181,"FFU/Fitting")) -> Preis auf Anfrage | S7: =IF(COUNTIFS(Prüfanforderungen!$P$3:$P$181,$W7,Prüfanforderungen!$D$3:$D$181,"NGO / StiWa",Prüfanforderungen!$K$3:$K$181,">=0")=0,"Preis auf Anfrage",SUMIFS(Prüfanforderungen!$K$3:$K$181,Prüfanforderungen!$P$3:$P$181,$W7,Prüfanforderungen!$D$3:$D$181,"NGO / StiWa")) -> Preis auf Anfrage | V7: 960 | W7: 26078af5-80ee-4c2a-a20e-e13f0d57dae8
A8: Baumarkt | B8: Gartenbewässerung (Sonstige) | C8: 372099 | D8: Drucksprüher <3L | E8: =IF(COUNTIFS(Prüfanforderungen!$P$3:$P$181,$W8)=0,"keine Norm hinterlegt",IF($L8=0,"0 € hinterlegt","")) -> 0 € hinterlegt | F8: Nein | G8: 5 | I8: Nein | J8: Nein | K8: EN ISO 19932-1 & -2:2013 | L8: =IF(COUNTIFS(Prüfanforderungen!$P$3:$P$181,$W8,Prüfanforderungen!$D$3:$D$181,"Sicherheit-/Normprüfung",Prüfanforderungen!$K$3:$K$181,">=0")=0,"Preis auf Anfrage",SUMIFS(Prüfanforderungen!$K$3:$K$181,Prüfanforderungen!$P$3:$P$181,$W8,Prüfanforderungen!$D$3:$D$181,"Sicherheit-/Normprüfung")) -> 0 | N8: EN ISO 19932-1 & -2:2013: / :2022 ist noch im Entwurf | P8: =IF(COUNTIFS(Prüfanforderungen!$P$3:$P$181,$W8,Prüfanforderungen!$D$3:$D$181,"FFU/Fitting",Prüfanforderungen!$K$3:$K$181,">=0")=0,"Preis auf Anfrage",SUMIFS(Prüfanforderungen!$K$3:$K$181,Prüfanforderungen!$P$3:$P$181,$W8,Prüfanforderungen!$D$3:$D$181,"FFU/Fitting")) -> Preis auf Anfrage | S8: =IF(COUNTIFS(Prüfanforderungen!$P$3:$P$181,$W8,Prüfanforderungen!$D$3:$D$181,"NGO / StiWa",Prüfanforderungen!$K$3:$K$181,">=0")=0,"Preis auf Anfrage",SUMIFS(Prüfanforderungen!$K$3:$K$181,Prüfanforderungen!$P$3:$P$181,$W8,Prüfanforderungen!$D$3:$D$181,"NGO / StiWa")) -> Preis auf Anfrage | V8: 1260 | W8: fbc1894d-c0fd-46fd-bd8f-93eb730fcf7b
A9: Baumarkt | B9: Gartenbewässerung (Sonstige) | C9: 372099 | D9: Drucksprüher >3L | E9: =IF(COUNTIFS(Prüfanforderungen!$P$3:$P$181,$W9)=0,"keine Norm hinterlegt",IF($L9=0,"0 € hinterlegt","")) | F9: Nein | G9: 5 | I9: Nein | J9: Nein | K9: EK5 / TA6 14-01:2023 (Drucksprühgerät >3L) | L9: =IF(COUNTIFS(Prüfanforderungen!$P$3:$P$181,$W9,Prüfanforderungen!$D$3:$D$181,"Sicherheit-/Normprüfung",Prüfanforderungen!$K$3:$K$181,">=0")=0,"Preis auf Anfrage",SUMIFS(Prüfanforderungen!$K$3:$K$181,Prüfanforderungen!$P$3:$P$181,$W9,Prüfanforderungen!$D$3:$D$181,"Sicherheit-/Normprüfung")) -> 720 | N9: EK5 / TA6 14-01:2023 (Drucksprühgerät >3L): CE-Kennzeichnung! KE nötig. Die Einstufung der Geräte erfolgt nach Artikel 9 der Druckgeräterichtlinie Punkt 8 Kunststoffe schriftliche Unbedenklichkeitserklärungen | P9: =IF(COUNTIFS(Prüfanforderungen!$P$3:$P$181,$W9,Prüfanforderungen!$D$3:$D$181,"FFU/Fitting",Prüfanforderungen!$K$3:$K$181,">=0")=0,"Preis auf Anfrage",SUMIFS(Prüfanforderungen!$K$3:$K$181,Prüfanforderungen!$P$3:$P$181,$W9,Prüfanforderungen!$D$3:$D$181,"FFU/Fitting")) -> Preis auf Anfrage | S9: =IF(COUNTIFS(Prüfanforderungen!$P$3:$P$181,$W9,Prüfanforderungen!$D$3:$D$181,"NGO / StiWa",Prüfanforderungen!$K$3:$K$181,">=0")=0,"Preis auf Anfrage",SUMIFS(Prüfanforderungen!$K$3:$K$181,Prüfanforderungen!$P$3:$P$181,$W9,Prüfanforderungen!$D$3:$D$181,"NGO / StiWa")) -> Preis auf Anfrage | V9: 960 | W9: d842f471-3b48-4761-943f-453772f4d8eb
A10: Baumarkt | B10: Gartenbewässerung (Sonstige) | C10: 372099 | D10: Gießkanne | E10: =IF(COUNTIFS(Prüfanforderungen!$P$3:$P$181,$W10)=0,"keine Norm hinterlegt",IF($L10=0,"0 € hinterlegt","")) | F10: Ja | G10: 2 | I10: Nein | J10: Nein | K10: 102_PPM | L10: =IF(COUNTIFS(Prüfanforderungen!$P$3:$P$181,$W10,Prüfanforderungen!$D$3:$D$181,"Sicherheit-/Normprüfung",Prüfanforderungen!$K$3:$K$181,">=0")=0,"Preis auf Anfrage",SUMIFS(Prüfanforderungen!$K$3:$K$181,Prüfanforderungen!$P$3:$P$181,$W10,Prüfanforderungen!$D$3:$D$181,"Sicherheit-/Normprüfung")) -> 180 | N10: 102_PPM: PSA beachten! | ggf. EE | Multiwinkel / Lineal / Zollstock / usw. | nicht trivial, wenn Verwendung auf Herd möglich | HG | P10: =IF(COUNTIFS(Prüfanforderungen!$P$3:$P$181,$W10,Prüfanforderungen!$D$3:$D$181,"FFU/Fitting",Prüfanforderungen!$K$3:$K$181,">=0")=0,"Preis auf Anfrage",SUMIFS(Prüfanforderungen!$K$3:$K$181,Prüfanforderungen!$P$3:$P$181,$W10,Prüfanforderungen!$D$3:$D$181,"FFU/Fitting")) -> Preis auf Anfrage | S10: =IF(COUNTIFS(Prüfanforderungen!$P$3:$P$181,$W10,Prüfanforderungen!$D$3:$D$181,"NGO / StiWa",Prüfanforderungen!$K$3:$K$181,">=0")=0,"Preis auf Anfrage",SUMIFS(Prüfanforderungen!$K$3:$K$181,Prüfanforderungen!$P$3:$P$181,$W10,Prüfanforderungen!$D$3:$D$181,"NGO / StiWa")) -> Preis auf Anfrage | V10: 360 | W10: 9210ed65-bfd0-418d-866b-8ba8c3c5167b
A11: Baumarkt | B11: Gartenbewässerung (Sonstige) | C11: 372099 | D11: Regentonne | E11: =IF(COUNTIFS(Prüfanforderungen!$P$3:$P$181,$W11)=0,"keine Norm hinterlegt",IF($L11=0,"0 € hinterlegt","")) | F11: Ja | I11: Nein | J11: Nein | K11: 102_PPM | L11: =IF(COUNTIFS(Prüfanforderungen!$P$3:$P$181,$W11,Prüfanforderungen!$D$3:$D$181,"Sicherheit-/Normprüfung",Prüfanforderungen!$K$3:$K$181,">=0")=0,"Preis auf Anfrage",SUMIFS(Prüfanforderungen!$K$3:$K$181,Prüfanforderungen!$P$3:$P$181,$W11,Prüfanforderungen!$D$3:$D$181,"Sicherheit-/Normprüfung")) -> 180 | N11: 102_PPM: PSA beachten! | ggf. EE | Multiwinkel / Lineal / Zollstock / usw. | nicht trivial, wenn Verwendung auf Herd möglich | HG | P11: =IF(COUNTIFS(Prüfanforderungen!$P$3:$P$181,$W11,Prüfanforderungen!$D$3:$D$181,"FFU/Fitting",Prüfanforderungen!$K$3:$K$181,">=0")=0,"Preis auf Anfrage",SUMIFS(Prüfanforderungen!$K$3:$K$181,Prüfanforderungen!$P$3:$P$181,$W11,Prüfanforderungen!$D$3:$D$181,"FFU/Fitting")) -> Preis auf Anfrage | S11: =IF(COUNTIFS(Prüfanforderungen!$P$3:$P$181,$W11,Prüfanforderungen!$D$3:$D$181,"NGO / StiWa",Prüfanforderungen!$K$3:$K$181,">=0")=0,"Preis auf Anfrage",SUMIFS(Prüfanforderungen!$K$3:$K$181,Prüfanforderungen!$P$3:$P$181,$W11,Prüfanforderungen!$D$3:$D$181,"NGO / StiWa")) -> Preis auf Anfrage | W11: 6adbdef8-6479-4d9a-96de-bd7d7e870187
A12: Baumarkt | B12: Gartengeräte u. -zubehör (Sonstige) | C12: 371099 | D12: (Gewebe-)Planen | E12: =IF(COUNTIFS(Prüfanforderungen!$P$3:$P$181,$W12)=0,"keine Norm hinterlegt",IF($L12=0,"0 € hinterlegt","")) | F12: Ja | G12: 2 | I12: Nein | J12: Nein | K12: 102_PPM | L12: =IF(COUNTIFS(Prüfanforderungen!$P$3:$P$181,$W12,Prüfanforderungen!$D$3:$D$181,"Sicherheit-/Normprüfung",Prüfanforderungen!$K$3:$K$181,">=0")=0,"Preis auf Anfrage",SUMIFS(Prüfanforderungen!$K$3:$K$181,Prüfanforderungen!$P$3:$P$181,$W12,Prüfanforderungen!$D$3:$D$181,"Sicherheit-/Normprüfung")) -> 540 | N12: 102_PPM: PSA beachten! | ggf. EE | Multiwinkel / Lineal / Zollstock / usw. | nicht trivial, wenn Verwendung auf Herd möglich | HG | P12: =IF(COUNTIFS(Prüfanforderungen!$P$3:$P$181,$W12,Prüfanforderungen!$D$3:$D$181,"FFU/Fitting",Prüfanforderungen!$K$3:$K$181,">=0")=0,"Preis auf Anfrage",SUMIFS(Prüfanforderungen!$K$3:$K$181,Prüfanforderungen!$P$3:$P$181,$W12,Prüfanforderungen!$D$3:$D$181,"FFU/Fitting")) -> Preis auf Anfrage | S12: =IF(COUNTIFS(Prüfanforderungen!$P$3:$P$181,$W12,Prüfanforderungen!$D$3:$D$181,"NGO / StiWa",Prüfanforderungen!$K$3:$K$181,">=0")=0,"Preis auf Anfrage",SUMIFS(Prüfanforderungen!$K$3:$K$181,Prüfanforderungen!$P$3:$P$181,$W12,Prüfanforderungen!$D$3:$D$181,"NGO / StiWa")) -> Preis auf Anfrage | V12: 360 | W12: f1b5500e-fda8-4344-aca0-8a6d8c195938
A13: Baumarkt | B13: Gartengeräte u. -zubehör (Sonstige) | C13: 371099 | D13: Bodenmesser | E13: =IF(COUNTIFS(Prüfanforderungen!$P$3:$P$181,$W13)=0,"keine Norm hinterlegt",IF($L13=0,"0 € hinterlegt","")) -> 0 € hinterlegt | F13: Ja | G13: 2 | I13: Nein | J13: Nein | K13: 102_PPM | L13: =IF(COUNTIFS(Prüfanforderungen!$P$3:$P$181,$W13,Prüfanforderungen!$D$3:$D$181,"Sicherheit-/Normprüfung",Prüfanforderungen!$K$3:$K$181,">=0")=0,"Preis auf Anfrage",SUMIFS(Prüfanforderungen!$K$3:$K$181,Prüfanforderungen!$P$3:$P$181,$W13,Prüfanforderungen!$D$3:$D$181,"Sicherheit-/Normprüfung")) -> 0 | N13: 102_PPM: PSA beachten! | ggf. EE | Multiwinkel / Lineal / Zollstock / usw. | nicht trivial, wenn Verwendung auf Herd möglich | HG | P13: =IF(COUNTIFS(Prüfanforderungen!$P$3:$P$181,$W13,Prüfanforderungen!$D$3:$D$181,"FFU/Fitting",Prüfanforderungen!$K$3:$K$181,">=0")=0,"Preis auf Anfrage",SUMIFS(Prüfanforderungen!$K$3:$K$181,Prüfanforderungen!$P$3:$P$181,$W13,Prüfanforderungen!$D$3:$D$181,"FFU/Fitting")) -> Preis auf Anfrage | S13: =IF(COUNTIFS(Prüfanforderungen!$P$3:$P$181,$W13,Prüfanforderungen!$D$3:$D$181,"NGO / StiWa",Prüfanforderungen!$K$3:$K$181,">=0")=0,"Preis auf Anfrage",SUMIFS(Prüfanforderungen!$K$3:$K$181,Prüfanforderungen!$P$3:$P$181,$W13,Prüfanforderungen!$D$3:$D$181,"NGO / StiWa")) -> Preis auf Anfrage | V13: 360 | W13: 115b6bd0-52f6-4785-af23-689a42058cfa
A14: Baumarkt | B14: Gartengeräte u. -zubehör (Sonstige) | C14: 371099 | D14: Gartengerätehaus | E14: =IF(COUNTIFS(Prüfanforderungen!$P$3:$P$181,$W14)=0,"keine Norm hinterlegt",IF($L14=0,"0 € hinterlegt","")) -> 0 € hinterlegt | F14: Nein | G14: 2 | I14: Nein | J14: Nein | K14: EK5/AK8 12-04.1:2012 | L14: =IF(COUNTIFS(Prüfanforderungen!$P$3:$P$181,$W14,Prüfanforderungen!$D$3:$D$181,"Sicherheit-/Normprüfung",Prüfanforderungen!$K$3:$K$181,">=0")=0,"Preis auf Anfrage",SUMIFS(Prüfanforderungen!$K$3:$K$181,Prüfanforderungen!$P$3:$P$181,$W14,Prüfanforderungen!$D$3:$D$181,"Sicherheit-/Normprüfung")) -> 0 | N14: EK5/AK8 12-04.1:2012: Korrosionsbeständigkeit Metalle müssen korrosionsgeschützt (Lackierung, Pulverbeschichtung, verzinkt) sein. Aluminium gilt als korrosionsbeständig. Herstellernachweis für tragende Kunststoffteile Der Kunststoff muss UV- und temperaturbeständig (min. 60°C) sein. Es wird ausschließlich ein Nachweis (z.B. Datenblatt etc.) vom Kunststoffhersteller akzeptiert. | P14: =IF(COUNTIFS(Prüfanforderungen!$P$3:$P$181,$W14,Prüfanforderungen!$D$3:$D$181,"FFU/Fitting",Prüfanforderungen!$K$3:$K$181,">=0")=0,"Preis auf Anfrage",SUMIFS(Prüfanforderungen!$K$3:$K$181,Prüfanforderungen!$P$3:$P$181,$W14,Prüfanforderungen!$D$3:$D$181,"FFU/Fitting")) -> Preis auf Anfrage | S14: =IF(COUNTIFS(Prüfanforderungen!$P$3:$P$181,$W14,Prüfanforderungen!$D$3:$D$181,"NGO / StiWa",Prüfanforderungen!$K$3:$K$181,">=0")=0,"Preis auf Anfrage",SUMIFS(Prüfanforderungen!$K$3:$K$181,Prüfanforderungen!$P$3:$P$181,$W14,Prüfanforderungen!$D$3:$D$181,"NGO / StiWa")) -> Preis auf Anfrage | V14: 960 | W14: f333567e-9dae-4373-95e8-20ab3b9c4aca
A15: Baumarkt | B15: Gartengeräte u. -zubehör (Sonstige) | C15: 371099 | D15: Gartensack | E15: =IF(COUNTIFS(Prüfanforderungen!$P$3:$P$181,$W15)=0,"keine Norm hinterlegt",IF($L15=0,"0 € hinterlegt","")) -> 0 € hinterlegt | F15: Nein | G15: 2 | I15: Nein | J15: Nein | K15: 111_PPM | L15: =IF(COUNTIFS(Prüfanforderungen!$P$3:$P$181,$W15,Prüfanforderungen!$D$3:$D$181,"Sicherheit-/Normprüfung",Prüfanforderungen!$K$3:$K$181,">=0")=0,"Preis auf Anfrage",SUMIFS(Prüfanforderungen!$K$3:$K$181,Prüfanforderungen!$P$3:$P$181,$W15,Prüfanforderungen!$D$3:$D$181,"Sicherheit-/Normprüfung")) -> 0 | P15: =IF(COUNTIFS(Prüfanforderungen!$P$3:$P$181,$W15,Prüfanforderungen!$D$3:$D$181,"FFU/Fitting",Prüfanforderungen!$K$3:$K$181,">=0")=0,"Preis auf Anfrage",SUMIFS(Prüfanforderungen!$K$3:$K$181,Prüfanforderungen!$P$3:$P$181,$W15,Prüfanforderungen!$D$3:$D$181,"FFU/Fitting")) -> Preis auf Anfrage | S15: =IF(COUNTIFS(Prüfanforderungen!$P$3:$P$181,$W15,Prüfanforderungen!$D$3:$D$181,"NGO / StiWa",Prüfanforderungen!$K$3:$K$181,">=0")=0,"Preis auf Anfrage",SUMIFS(Prüfanforderungen!$K$3:$K$181,Prüfanforderungen!$P$3:$P$181,$W15,Prüfanforderungen!$D$3:$D$181,"NGO / StiWa")) -> Preis auf Anfrage | V15: 480 | W15: b4438896-2af0-4744-9cd4-4ed1160266d2
A16: Baumarkt | B16: Gartengeräte u. -zubehör (Sonstige) | C16: 371099 | D16: Gartenzubehör | E16: =IF(COUNTIFS(Prüfanforderungen!$P$3:$P$181,$W16)=0,"keine Norm hinterlegt",IF($L16=0,"0 € hinterlegt","")) | F16: Ja | G16: 2 | I16: Nein | J16: Nein | K16: 102_PPM | L16: =IF(COUNTIFS(Prüfanforderungen!$P$3:$P$181,$W16,Prüfanforderungen!$D$3:$D$181,"Sicherheit-/Normprüfung",Prüfanforderungen!$K$3:$K$181,">=0")=0,"Preis auf Anfrage",SUMIFS(Prüfanforderungen!$K$3:$K$181,Prüfanforderungen!$P$3:$P$181,$W16,Prüfanforderungen!$D$3:$D$181,"Sicherheit-/Normprüfung")) -> 540 | N16: 102_PPM: PSA beachten! | ggf. EE | Multiwinkel / Lineal / Zollstock / usw. | nicht trivial, wenn Verwendung auf Herd möglich | HG | P16: =IF(COUNTIFS(Prüfanforderungen!$P$3:$P$181,$W16,Prüfanforderungen!$D$3:$D$181,"FFU/Fitting",Prüfanforderungen!$K$3:$K$181,">=0")=0,"Preis auf Anfrage",SUMIFS(Prüfanforderungen!$K$3:$K$181,Prüfanforderungen!$P$3:$P$181,$W16,Prüfanforderungen!$D$3:$D$181,"FFU/Fitting")) -> Preis auf Anfrage | S16: =IF(COUNTIFS(Prüfanforderungen!$P$3:$P$181,$W16,Prüfanforderungen!$D$3:$D$181,"NGO / StiWa",Prüfanforderungen!$K$3:$K$181,">=0")=0,"Preis auf Anfrage",SUMIFS(Prüfanforderungen!$K$3:$K$181,Prüfanforderungen!$P$3:$P$181,$W16,Prüfanforderungen!$D$3:$D$181,"NGO / StiWa")) -> Preis auf Anfrage | V16: 480 | W16: 7b7cf5c3-1dcd-4aa5-8f75-446e647b3747
A17: Baumarkt | B17: Gartengeräte u. -zubehör (Sonstige) | C17: 371099 | D17: Gerätehalter | E17: =IF(COUNTIFS(Prüfanforderungen!$P$3:$P$181,$W17)=0,"keine Norm hinterlegt",IF($L17=0,"0 € hinterlegt","")) -> 0 € hinterlegt | F17: Ja | G17: 2 | I17: Nein | J17: Nein | K17: 102_PPM | L17: =IF(COUNTIFS(Prüfanforderungen!$P$3:$P$181,$W17,Prüfanforderungen!$D$3:$D$181,"Sicherheit-/Normprüfung",Prüfanforderungen!$K$3:$K$181,">=0")=0,"Preis auf Anfrage",SUMIFS(Prüfanforderungen!$K$3:$K$181,Prüfanforderungen!$P$3:$P$181,$W17,Prüfanforderungen!$D$3:$D$181,"Sicherheit-/Normprüfung")) -> 0 | N17: 102_PPM: PSA beachten! | ggf. EE | Multiwinkel / Lineal / Zollstock / usw. | nicht trivial, wenn Verwendung auf Herd möglich | HG | P17: =IF(COUNTIFS(Prüfanforderungen!$P$3:$P$181,$W17,Prüfanforderungen!$D$3:$D$181,"FFU/Fitting",Prüfanforderungen!$K$3:$K$181,">=0")=0,"Preis auf Anfrage",SUMIFS(Prüfanforderungen!$K$3:$K$181,Prüfanforderungen!$P$3:$P$181,$W17,Prüfanforderungen!$D$3:$D$181,"FFU/Fitting")) -> Preis auf Anfrage | S17: =IF(COUNTIFS(Prüfanforderungen!$P$3:$P$181,$W17,Prüfanforderungen!$D$3:$D$181,"NGO / StiWa",Prüfanforderungen!$K$3:$K$181,">=0")=0,"Preis auf Anfrage",SUMIFS(Prüfanforderungen!$K$3:$K$181,Prüfanforderungen!$P$3:$P$181,$W17,Prüfanforderungen!$D$3:$D$181,"NGO / StiWa")) -> Preis auf Anfrage | V17: 360 | W17: a344ef39-c913-4a58-9354-a39b4de954f7
A18: Baumarkt | B18: Gartengeräte u. -zubehör (Sonstige) | C18: 371099 | D18: Kaminholzregal | E18: =IF(COUNTIFS(Prüfanforderungen!$P$3:$P$181,$W18)=0,"keine Norm hinterlegt",IF($L18=0,"0 € hinterlegt","")) -> 0 € hinterlegt | F18: Nein | G18: 2 | I18: Nein | J18: Nein | K18: in Anlehnung an DIN EN 14749 | L18: =IF(COUNTIFS(Prüfanforderungen!$P$3:$P$181,$W18,Prüfanforderungen!$D$3:$D$181,"Sicherheit-/Normprüfung",Prüfanforderungen!$K$3:$K$181,">=0")=0,"Preis auf Anfrage",SUMIFS(Prüfanforderungen!$K$3:$K$181,Prüfanforderungen!$P$3:$P$181,$W18,Prüfanforderungen!$D$3:$D$181,"Sicherheit-/Normprüfung")) -> 0 | P18: =IF(COUNTIFS(Prüfanforderungen!$P$3:$P$181,$W18,Prüfanforderungen!$D$3:$D$181,"FFU/Fitting",Prüfanforderungen!$K$3:$K$181,">=0")=0,"Preis auf Anfrage",SUMIFS(Prüfanforderungen!$K$3:$K$181,Prüfanforderungen!$P$3:$P$181,$W18,Prüfanforderungen!$D$3:$D$181,"FFU/Fitting")) -> Preis auf Anfrage | S18: =IF(COUNTIFS(Prüfanforderungen!$P$3:$P$181,$W18,Prüfanforderungen!$D$3:$D$181,"NGO / StiWa",Prüfanforderungen!$K$3:$K$181,">=0")=0,"Preis auf Anfrage",SUMIFS(Prüfanforderungen!$K$3:$K$181,Prüfanforderungen!$P$3:$P$181,$W18,Prüfanforderungen!$D$3:$D$181,"NGO / StiWa")) -> Preis auf Anfrage | V18: 600 | W18: 15495e0b-e72b-4043-ba9d-18398658dfd7
A19: Baumarkt | B19: Gartengeräte u. -zubehör (Sonstige) | C19: 371099 | D19: Kniekissen | E19: =IF(COUNTIFS(Prüfanforderungen!$P$3:$P$181,$W19)=0,"keine Norm hinterlegt",IF($L19=0,"0 € hinterlegt","")) | F19: Ja | G19: 2 | I19: Nein | J19: Nein | K19: 102_PPM | L19: =IF(COUNTIFS(Prüfanforderungen!$P$3:$P$181,$W19,Prüfanforderungen!$D$3:$D$181,"Sicherheit-/Normprüfung",Prüfanforderungen!$K$3:$K$181,">=0")=0,"Preis auf Anfrage",SUMIFS(Prüfanforderungen!$K$3:$K$181,Prüfanforderungen!$P$3:$P$181,$W19,Prüfanforderungen!$D$3:$D$181,"Sicherheit-/Normprüfung")) -> 540 | N19: 102_PPM: PSA beachten! | ggf. EE | Multiwinkel / Lineal / Zollstock / usw. | nicht trivial, wenn Verwendung auf Herd möglich | HG | P19: =IF(COUNTIFS(Prüfanforderungen!$P$3:$P$181,$W19,Prüfanforderungen!$D$3:$D$181,"FFU/Fitting",Prüfanforderungen!$K$3:$K$181,">=0")=0,"Preis auf Anfrage",SUMIFS(Prüfanforderungen!$K$3:$K$181,Prüfanforderungen!$P$3:$P$181,$W19,Prüfanforderungen!$D$3:$D$181,"FFU/Fitting")) -> Preis auf Anfrage | S19: =IF(COUNTIFS(Prüfanforderungen!$P$3:$P$181,$W19,Prüfanforderungen!$D$3:$D$181,"NGO / StiWa",Prüfanforderungen!$K$3:$K$181,">=0")=0,"Preis auf Anfrage",SUMIFS(Prüfanforderungen!$K$3:$K$181,Prüfanforderungen!$P$3:$P$181,$W19,Prüfanforderungen!$D$3:$D$181,"NGO / StiWa")) -> Preis auf Anfrage | V19: 480 | W19: 9c269978-339e-4f8b-8a86-833f04cf4b41
A20: Baumarkt | B20: Gartengeräte u. -zubehör (Sonstige) | C20: 371099 | D20: Komposter | E20: =IF(COUNTIFS(Prüfanforderungen!$P$3:$P$181,$W20)=0,"keine Norm hinterlegt",IF($L20=0,"0 € hinterlegt","")) -> 0 € hinterlegt | F20: Ja | G20: 2 | I20: Nein | J20: Nein | K20: 102_PPM | L20: =IF(COUNTIFS(Prüfanforderungen!$P$3:$P$181,$W20,Prüfanforderungen!$D$3:$D$181,"Sicherheit-/Normprüfung",Prüfanforderungen!$K$3:$K$181,">=0")=0,"Preis auf Anfrage",SUMIFS(Prüfanforderungen!$K$3:$K$181,Prüfanforderungen!$P$3:$P$181,$W20,Prüfanforderungen!$D$3:$D$181,"Sicherheit-/Normprüfung")) -> 0 | N20: 102_PPM: PSA beachten! | ggf. EE | Multiwinkel / Lineal / Zollstock / usw. | nicht trivial, wenn Verwendung auf Herd möglich | HG | P20: =IF(COUNTIFS(Prüfanforderungen!$P$3:$P$181,$W20,Prüfanforderungen!$D$3:$D$181,"FFU/Fitting",Prüfanforderungen!$K$3:$K$181,">=0")=0,"Preis auf Anfrage",SUMIFS(Prüfanforderungen!$K$3:$K$181,Prüfanforderungen!$P$3:$P$181,$W20,Prüfanforderungen!$D$3:$D$181,"FFU/Fitting")) -> Preis auf Anfrage | S20: =IF(COUNTIFS(Prüfanforderungen!$P$3:$P$181,$W20,Prüfanforderungen!$D$3:$D$181,"NGO / StiWa",Prüfanforderungen!$K$3:$K$181,">=0")=0,"Preis auf Anfrage",SUMIFS(Prüfanforderungen!$K$3:$K$181,Prüfanforderungen!$P$3:$P$181,$W20,Prüfanforderungen!$D$3:$D$181,"NGO / StiWa")) -> Preis auf Anfrage | V20: 360 | W20: 7266a5e1-c3b2-4bcd-ad61-732b77e42277
A21: Baumarkt | B21: Gartengeräte u. -zubehör (Sonstige) | C21: 371099 | D21: Kübel / Eimer | E21: =IF(COUNTIFS(Prüfanforderungen!$P$3:$P$181,$W21)=0,"keine Norm hinterlegt",IF($L21=0,"0 € hinterlegt","")) -> 0 € hinterlegt | F21: Nein | G21: 3 | I21: Nein | J21: Nein | K21: 102_PPM + Belastungsprüfung (1,5-fache Nennlast für 60min.) | L21: =IF(COUNTIFS(Prüfanforderungen!$P$3:$P$181,$W21,Prüfanforderungen!$D$3:$D$181,"Sicherheit-/Normprüfung",Prüfanforderungen!$K$3:$K$181,">=0")=0,"Preis auf Anfrage",SUMIFS(Prüfanforderungen!$K$3:$K$181,Prüfanforderungen!$P$3:$P$181,$W21,Prüfanforderungen!$D$3:$D$181,"Sicherheit-/Normprüfung")) -> 0 | N21: 102_PPM + Belastungsprüfung (1,5-fache Nennlast für 60min.): für alle Eimer, die auf einer Baustelle verwendet werden können | P21: =IF(COUNTIFS(Prüfanforderungen!$P$3:$P$181,$W21,Prüfanforderungen!$D$3:$D$181,"FFU/Fitting",Prüfanforderungen!$K$3:$K$181,">=0")=0,"Preis auf Anfrage",SUMIFS(Prüfanforderungen!$K$3:$K$181,Prüfanforderungen!$P$3:$P$181,$W21,Prüfanforderungen!$D$3:$D$181,"FFU/Fitting")) -> Preis auf Anfrage | S21: =IF(COUNTIFS(Prüfanforderungen!$P$3:$P$181,$W21,Prüfanforderungen!$D$3:$D$181,"NGO / StiWa",Prüfanforderungen!$K$3:$K$181,">=0")=0,"Preis auf Anfrage",SUMIFS(Prüfanforderungen!$K$3:$K$181,Prüfanforderungen!$P$3:$P$181,$W21,Prüfanforderungen!$D$3:$D$181,"NGO / StiWa")) -> Preis auf Anfrage | V21: 600 | W21: 67acbddf-35fa-4685-9768-d6c3c75a84c1
A22: Baumarkt | B22: Gartengeräte u. -zubehör (Sonstige) | C22: 371099 | D22: Pflanzenroller | E22: =IF(COUNTIFS(Prüfanforderungen!$P$3:$P$181,$W22)=0,"keine Norm hinterlegt",IF($L22=0,"0 € hinterlegt","")) -> 0 € hinterlegt | F22: Nein | G22: 4 | I22: Nein | J22: Nein | K22: EK5/AK5 14-04.0-2014 | L22: =IF(COUNTIFS(Prüfanforderungen!$P$3:$P$181,$W22,Prüfanforderungen!$D$3:$D$181,"Sicherheit-/Normprüfung",Prüfanforderungen!$K$3:$K$181,">=0")=0,"Preis auf Anfrage",SUMIFS(Prüfanforderungen!$K$3:$K$181,Prüfanforderungen!$P$3:$P$181,$W22,Prüfanforderungen!$D$3:$D$181,"Sicherheit-/Normprüfung")) -> 0 | N22: EK5/AK5 14-04.0-2014: Korrosion (EN ISO 4628-3) wenn Bauteile nicht durch Lackierung, Beschichtung , Werkstoffauswahl geschützt, Note Ri = 1 Künstliche Alterung bei Kunststoffbodenplatte ISO 4892 500h Kerbschlagbiegeprüfung (20% Reduzierung im Vergl. zur unbehandelten Probe) im EK gefordert: Typenschild + Herstellererklärung zur Tragfähigkeit der Rollen + der verwendeten Materialien | P22: =IF(COUNTIFS(Prüfanforderungen!$P$3:$P$181,$W22,Prüfanforderungen!$D$3:$D$181,"FFU/Fitting",Prüfanforderungen!$K$3:$K$181,">=0")=0,"Preis auf Anfrage",SUMIFS(Prüfanforderungen!$K$3:$K$181,Prüfanforderungen!$P$3:$P$181,$W22,Prüfanforderungen!$D$3:$D$181,"FFU/Fitting")) -> Preis auf Anfrage | S22: =IF(COUNTIFS(Prüfanforderungen!$P$3:$P$181,$W22,Prüfanforderungen!$D$3:$D$181,"NGO / StiWa",Prüfanforderungen!$K$3:$K$181,">=0")=0,"Preis auf Anfrage",SUMIFS(Prüfanforderungen!$K$3:$K$181,Prüfanforderungen!$P$3:$P$181,$W22,Prüfanforderungen!$D$3:$D$181,"NGO / StiWa")) -> Preis auf Anfrage | V22: 960 | W22: 5bb25fa6-347c-4430-9b7d-a873d8b23c0a
A23: Baumarkt | B23: Gartengeräte u. -zubehör (Sonstige) | C23: 371099 | D23: Rasenkante | E23: =IF(COUNTIFS(Prüfanforderungen!$P$3:$P$181,$W23)=0,"keine Norm hinterlegt",IF($L23=0,"0 € hinterlegt","")) -> 0 € hinterlegt | F23: Ja | G23: 2 | I23: Nein | J23: Nein | K23: 102_PPM | L23: =IF(COUNTIFS(Prüfanforderungen!$P$3:$P$181,$W23,Prüfanforderungen!$D$3:$D$181,"Sicherheit-/Normprüfung",Prüfanforderungen!$K$3:$K$181,">=0")=0,"Preis auf Anfrage",SUMIFS(Prüfanforderungen!$K$3:$K$181,Prüfanforderungen!$P$3:$P$181,$W23,Prüfanforderungen!$D$3:$D$181,"Sicherheit-/Normprüfung")) -> 0 | N23: 102_PPM: PSA beachten! | ggf. EE | Multiwinkel / Lineal / Zollstock / usw. | nicht trivial, wenn Verwendung auf Herd möglich | HG | P23: =IF(COUNTIFS(Prüfanforderungen!$P$3:$P$181,$W23,Prüfanforderungen!$D$3:$D$181,"FFU/Fitting",Prüfanforderungen!$K$3:$K$181,">=0")=0,"Preis auf Anfrage",SUMIFS(Prüfanforderungen!$K$3:$K$181,Prüfanforderungen!$P$3:$P$181,$W23,Prüfanforderungen!$D$3:$D$181,"FFU/Fitting")) -> Preis auf Anfrage | S23: =IF(COUNTIFS(Prüfanforderungen!$P$3:$P$181,$W23,Prüfanforderungen!$D$3:$D$181,"NGO / StiWa",Prüfanforderungen!$K$3:$K$181,">=0")=0,"Preis auf Anfrage",SUMIFS(Prüfanforderungen!$K$3:$K$181,Prüfanforderungen!$P$3:$P$181,$W23,Prüfanforderungen!$D$3:$D$181,"NGO / StiWa")) -> Preis auf Anfrage | V23: 360 | W23: 868f0d7b-3262-439b-baf1-692f10270d38
A24: Baumarkt | B24: Gartengeräte u. -zubehör (Sonstige) | C24: 371099 | D24: Tiervertreiber | E24: =IF(COUNTIFS(Prüfanforderungen!$P$3:$P$181,$W24)=0,"keine Norm hinterlegt",IF($L24=0,"0 € hinterlegt","")) -> 0 € hinterlegt | F24: Nein | G24: 5 | I24: Nein | J24: Nein | K24: Sicherheit / Normprüfung - Produktsicherheit Teilprüfung Anlehnung an 100_PPM - IP44 - Glühdraht Akku-Sicherheitskurzcheck Produkte mit Akku jeder Größe werden nach 163_PPM_TGS_REV_A_ Akku-Sicherheitskurzcheck Lidl geprüft | L24: =IF(COUNTIFS(Prüfanforderungen!$P$3:$P$181,$W24,Prüfanforderungen!$D$3:$D$181,"Sicherheit-/Normprüfung",Prüfanforderungen!$K$3:$K$181,">=0")=0,"Preis auf Anfrage",SUMIFS(Prüfanforderungen!$K$3:$K$181,Prüfanforderungen!$P$3:$P$181,$W24,Prüfanforderungen!$D$3:$D$181,"Sicherheit-/Normprüfung")) -> 0 | N24: Sicherheit / Normprüfung - Produktsicherheit Teilprüfung Anlehnung an 100_PPM - IP44 - Glühdraht Akku-Sicherheitskurzcheck Produkte mit Akku jeder Größe werden nach 163_PPM_TGS_REV_A_ Akku-Sicherheitskurzcheck Lidl geprüft: Tiervertreiber Universal Sicherheit / Normprüfung - Produktsicherheit Für E&E Produkte immer nur Kurzprüfungen im Labor Anlehnung an 100_PPM - IP44 - Glühdraht 750€ Sicherheit / Normprüfung - Produktsicherheit Akku-Sicherheitskurzcheck Produkte mit Akku jeder Größe werden nach 163_PPM_TGS_REV_A_ Akku-Sicherheitskurzcheck Lidl geprüft 950€ Tiervertreiber Maulwurf Sicherheit / Normprüfung - Produktsicherheit Teilprüfung nach 0100_PPM - Kurzschluss - Erwärmung - Mech. Festigkeit - etc. 750€ | O24: FFU laborintern ohne Probanden 30SER (70%/50%/10-30%) FFU Prüfung nach internem PPM (nur Falls im PA angegeben) Laborintern ohne Prüfung der Gebrauchstauglichkeit mittels Probanden. Es werden Punkte zur Funktionalität, Verarbeitungsqualität, Verständlichkeit der BDA geprüft) | P24: =IF(COUNTIFS(Prüfanforderungen!$P$3:$P$181,$W24,Prüfanforderungen!$D$3:$D$181,"FFU/Fitting",Prüfanforderungen!$K$3:$K$181,">=0")=0,"Preis auf Anfrage",SUMIFS(Prüfanforderungen!$K$3:$K$181,Prüfanforderungen!$P$3:$P$181,$W24,Prüfanforderungen!$D$3:$D$181,"FFU/Fitting")) -> 580 | S24: =IF(COUNTIFS(Prüfanforderungen!$P$3:$P$181,$W24,Prüfanforderungen!$D$3:$D$181,"NGO / StiWa",Prüfanforderungen!$K$3:$K$181,">=0")=0,"Preis auf Anfrage",SUMIFS(Prüfanforderungen!$K$3:$K$181,Prüfanforderungen!$P$3:$P$181,$W24,Prüfanforderungen!$D$3:$D$181,"NGO / StiWa")) -> Preis auf Anfrage | V24: 1700 | W24: 23682bd0-1792-403b-b6c9-35f959ca99f8
A25: Baumarkt | B25: Gartengeräte u. -zubehör (Sonstige) | C25: 371099 | D25: Trolley | E25: =IF(COUNTIFS(Prüfanforderungen!$P$3:$P$181,$W25)=0,"keine Norm hinterlegt",IF($L25=0,"0 € hinterlegt","")) -> 0 € hinterlegt | F25: Nein | G25: 4 | I25: Nein | J25: Nein | K25: EK5/AK5 06-01.3:2011 | L25: =IF(COUNTIFS(Prüfanforderungen!$P$3:$P$181,$W25,Prüfanforderungen!$D$3:$D$181,"Sicherheit-/Normprüfung",Prüfanforderungen!$K$3:$K$181,">=0")=0,"Preis auf Anfrage",SUMIFS(Prüfanforderungen!$K$3:$K$181,Prüfanforderungen!$P$3:$P$181,$W25,Prüfanforderungen!$D$3:$D$181,"Sicherheit-/Normprüfung")) -> 0 | N25: EK5/AK5 06-01.3:2011: UV-Beständigkeit Tragende Teile aus Kunststoff Korrosion nach DIN EN ISO 6270-2, 5 Zyklen nicht erfordlerlich bei galvanisch- oder pulverbeschichteten Bauteilen | P25: =IF(COUNTIFS(Prüfanforderungen!$P$3:$P$181,$W25,Prüfanforderungen!$D$3:$D$181,"FFU/Fitting",Prüfanforderungen!$K$3:$K$181,">=0")=0,"Preis auf Anfrage",SUMIFS(Prüfanforderungen!$K$3:$K$181,Prüfanforderungen!$P$3:$P$181,$W25,Prüfanforderungen!$D$3:$D$181,"FFU/Fitting")) -> Preis auf Anfrage | S25: =IF(COUNTIFS(Prüfanforderungen!$P$3:$P$181,$W25,Prüfanforderungen!$D$3:$D$181,"NGO / StiWa",Prüfanforderungen!$K$3:$K$181,">=0")=0,"Preis auf Anfrage",SUMIFS(Prüfanforderungen!$K$3:$K$181,Prüfanforderungen!$P$3:$P$181,$W25,Prüfanforderungen!$D$3:$D$181,"NGO / StiWa")) -> Preis auf Anfrage | V25: 1200 | W25: 6e8c7c0e-3e31-479a-9c6e-c36b7448425d
A26: Baumarkt | B26: Gartengeräte u. -zubehör (Sonstige) | C26: 371099 | D26: Vlies | E26: =IF(COUNTIFS(Prüfanforderungen!$P$3:$P$181,$W26)=0,"keine Norm hinterlegt",IF($L26=0,"0 € hinterlegt","")) -> 0 € hinterlegt | F26: Ja | G26: 2 | I26: Nein | J26: Nein | K26: 102_PPM | L26: =IF(COUNTIFS(Prüfanforderungen!$P$3:$P$181,$W26,Prüfanforderungen!$D$3:$D$181,"Sicherheit-/Normprüfung",Prüfanforderungen!$K$3:$K$181,">=0")=0,"Preis auf Anfrage",SUMIFS(Prüfanforderungen!$K$3:$K$181,Prüfanforderungen!$P$3:$P$181,$W26,Prüfanforderungen!$D$3:$D$181,"Sicherheit-/Normprüfung")) -> 0 | N26: 102_PPM: PSA beachten! | ggf. EE | Multiwinkel / Lineal / Zollstock / usw. | nicht trivial, wenn Verwendung auf Herd möglich | HG | P26: =IF(COUNTIFS(Prüfanforderungen!$P$3:$P$181,$W26,Prüfanforderungen!$D$3:$D$181,"FFU/Fitting",Prüfanforderungen!$K$3:$K$181,">=0")=0,"Preis auf Anfrage",SUMIFS(Prüfanforderungen!$K$3:$K$181,Prüfanforderungen!$P$3:$P$181,$W26,Prüfanforderungen!$D$3:$D$181,"FFU/Fitting")) -> Preis auf Anfrage | S26: =IF(COUNTIFS(Prüfanforderungen!$P$3:$P$181,$W26,Prüfanforderungen!$D$3:$D$181,"NGO / StiWa",Prüfanforderungen!$K$3:$K$181,">=0")=0,"Preis auf Anfrage",SUMIFS(Prüfanforderungen!$K$3:$K$181,Prüfanforderungen!$P$3:$P$181,$W26,Prüfanforderungen!$D$3:$D$181,"NGO / StiWa")) -> Preis auf Anfrage | V26: 360 | W26: a9e4f9e3-5e74-45d3-bdb2-951ed7ac4b13
A27: Baumarkt | B27: Gartenhäuser | C27: 375100 | D27: Gartengerätehaus | E27: =IF(COUNTIFS(Prüfanforderungen!$P$3:$P$181,$W27)=0,"keine Norm hinterlegt",IF($L27=0,"0 € hinterlegt","")) | F27: Nein | G27: 2 | I27: Nein | J27: Nein | K27: EK5/AK8 12-04.1:2012 | L27: =IF(COUNTIFS(Prüfanforderungen!$P$3:$P$181,$W27,Prüfanforderungen!$D$3:$D$181,"Sicherheit-/Normprüfung",Prüfanforderungen!$K$3:$K$181,">=0")=0,"Preis auf Anfrage",SUMIFS(Prüfanforderungen!$K$3:$K$181,Prüfanforderungen!$P$3:$P$181,$W27,Prüfanforderungen!$D$3:$D$181,"Sicherheit-/Normprüfung")) -> Preis auf Anfrage | N27: EK5/AK8 12-04.1:2012: Korrosionsbeständigkeit Metalle müssen korrosionsgeschützt (Lackierung, Pulverbeschichtung, verzinkt) sein. Aluminium gilt als korrosionsbeständig. Herstellernachweis für tragende Kunststoffteile Der Kunststoff muss UV- und temperaturbeständig (min. 60°C) sein. Es wird ausschließlich ein Nachweis (z.B. Datenblatt etc.) vom Kunststoffhersteller akzeptiert. | P27: =IF(COUNTIFS(Prüfanforderungen!$P$3:$P$181,$W27,Prüfanforderungen!$D$3:$D$181,"FFU/Fitting",Prüfanforderungen!$K$3:$K$181,">=0")=0,"Preis auf Anfrage",SUMIFS(Prüfanforderungen!$K$3:$K$181,Prüfanforderungen!$P$3:$P$181,$W27,Prüfanforderungen!$D$3:$D$181,"FFU/Fitting")) -> Preis auf Anfrage | S27: =IF(COUNTIFS(Prüfanforderungen!$P$3:$P$181,$W27,Prüfanforderungen!$D$3:$D$181,"NGO / StiWa",Prüfanforderungen!$K$3:$K$181,">=0")=0,"Preis auf Anfrage",SUMIFS(Prüfanforderungen!$K$3:$K$181,Prüfanforderungen!$P$3:$P$181,$W27,Prüfanforderungen!$D$3:$D$181,"NGO / StiWa")) -> Preis auf Anfrage | V27: 960 | W27: 80cdef55-dafc-4948-9284-ebec74f08d4a
A28: Baumarkt | B28: Gartenschläuche u. Aufroller | C28: 372030 | D28: Gartenschlauch | E28: =IF(COUNTIFS(Prüfanforderungen!$P$3:$P$181,$W28)=0,"keine Norm hinterlegt",IF($L28=0,"0 € hinterlegt","")) | F28: Nein | G28: 4 | I28: Nein | J28: Nein | K28: EK5/AK8 13-05.02:2017 (Gartenbewässerungsartikel) | L28: =IF(COUNTIFS(Prüfanforderungen!$P$3:$P$181,$W28,Prüfanforderungen!$D$3:$D$181,"Sicherheit-/Normprüfung",Prüfanforderungen!$K$3:$K$181,">=0")=0,"Preis auf Anfrage",SUMIFS(Prüfanforderungen!$K$3:$K$181,Prüfanforderungen!$P$3:$P$181,$W28,Prüfanforderungen!$D$3:$D$181,"Sicherheit-/Normprüfung")) -> 540 | N28: EK5/AK8 13-05.02:2017 (Gartenbewässerungsartikel): CE-Kennzeichnung! KE nötig. | Verkaufsverpackung bereits im PRE-Test prüfen! Warnhinweise müssen vorhanden sein! | O28: 004_PPM_FFU | P28: =IF(COUNTIFS(Prüfanforderungen!$P$3:$P$181,$W28,Prüfanforderungen!$D$3:$D$181,"FFU/Fitting",Prüfanforderungen!$K$3:$K$181,">=0")=0,"Preis auf Anfrage",SUMIFS(Prüfanforderungen!$K$3:$K$181,Prüfanforderungen!$P$3:$P$181,$W28,Prüfanforderungen!$D$3:$D$181,"FFU/Fitting")) -> 600 | S28: =IF(COUNTIFS(Prüfanforderungen!$P$3:$P$181,$W28,Prüfanforderungen!$D$3:$D$181,"NGO / StiWa",Prüfanforderungen!$K$3:$K$181,">=0")=0,"Preis auf Anfrage",SUMIFS(Prüfanforderungen!$K$3:$K$181,Prüfanforderungen!$P$3:$P$181,$W28,Prüfanforderungen!$D$3:$D$181,"NGO / StiWa")) -> Preis auf Anfrage | V28: 960 | W28: 2175b528-824c-4821-a449-e9cf3d5b42bb
A29: Baumarkt | B29: Gartenschläuche u. Aufroller | C29: 372030 | D29: Schlauchaufroller | E29: =IF(COUNTIFS(Prüfanforderungen!$P$3:$P$181,$W29)=0,"keine Norm hinterlegt",IF($L29=0,"0 € hinterlegt","")) | F29: Nein | G29: 4 | I29: Nein | J29: Nein | K29: EK5/AK8 13-05.02:2017 (Gartenbewässerungsartikel) | L29: =IF(COUNTIFS(Prüfanforderungen!$P$3:$P$181,$W29,Prüfanforderungen!$D$3:$D$181,"Sicherheit-/Normprüfung",Prüfanforderungen!$K$3:$K$181,">=0")=0,"Preis auf Anfrage",SUMIFS(Prüfanforderungen!$K$3:$K$181,Prüfanforderungen!$P$3:$P$181,$W29,Prüfanforderungen!$D$3:$D$181,"Sicherheit-/Normprüfung")) -> 540 | N29: EK5/AK8 13-05.02:2017 (Gartenbewässerungsartikel): CE-Kennzeichnung! KE nötig. | Verkaufsverpackung bereits im PRE-Test prüfen! Warnhinweise müssen vorhanden sein! | O29: 038_PPM_FFU | P29: =IF(COUNTIFS(Prüfanforderungen!$P$3:$P$181,$W29,Prüfanforderungen!$D$3:$D$181,"FFU/Fitting",Prüfanforderungen!$K$3:$K$181,">=0")=0,"Preis auf Anfrage",SUMIFS(Prüfanforderungen!$K$3:$K$181,Prüfanforderungen!$P$3:$P$181,$W29,Prüfanforderungen!$D$3:$D$181,"FFU/Fitting")) -> 960 | S29: =IF(COUNTIFS(Prüfanforderungen!$P$3:$P$181,$W29,Prüfanforderungen!$D$3:$D$181,"NGO / StiWa",Prüfanforderungen!$K$3:$K$181,">=0")=0,"Preis auf Anfrage",SUMIFS(Prüfanforderungen!$K$3:$K$181,Prüfanforderungen!$P$3:$P$181,$W29,Prüfanforderungen!$D$3:$D$181,"NGO / StiWa")) -> Preis auf Anfrage | V29: 960 | W29: 33bc738e-f7be-4a24-ba8d-4097ee71b597
A30: Baumarkt | B30: Gartenwerkzeug handgeführt u. Zubehör | C30: 371050 | D30: Abflammgerät | E30: =IF(COUNTIFS(Prüfanforderungen!$P$3:$P$181,$W30)=0,"keine Norm hinterlegt",IF($L30=0,"0 € hinterlegt","")) -> keine Norm hinterlegt | F30: Nein | I30: Nein | J30: Nein | L30: =IF(COUNTIFS(Prüfanforderungen!$P$3:$P$181,$W30,Prüfanforderungen!$D$3:$D$181,"Sicherheit-/Normprüfung",Prüfanforderungen!$K$3:$K$181,">=0")=0,"Preis auf Anfrage",SUMIFS(Prüfanforderungen!$K$3:$K$181,Prüfanforderungen!$P$3:$P$181,$W30,Prüfanforderungen!$D$3:$D$181,"Sicherheit-/Normprüfung")) -> Preis auf Anfrage | P30: =IF(COUNTIFS(Prüfanforderungen!$P$3:$P$181,$W30,Prüfanforderungen!$D$3:$D$181,"FFU/Fitting",Prüfanforderungen!$K$3:$K$181,">=0")=0,"Preis auf Anfrage",SUMIFS(Prüfanforderungen!$K$3:$K$181,Prüfanforderungen!$P$3:$P$181,$W30,Prüfanforderungen!$D$3:$D$181,"FFU/Fitting")) -> Preis auf Anfrage | S30: =IF(COUNTIFS(Prüfanforderungen!$P$3:$P$181,$W30,Prüfanforderungen!$D$3:$D$181,"NGO / StiWa",Prüfanforderungen!$K$3:$K$181,">=0")=0,"Preis auf Anfrage",SUMIFS(Prüfanforderungen!$K$3:$K$181,Prüfanforderungen!$P$3:$P$181,$W30,Prüfanforderungen!$D$3:$D$181,"NGO / StiWa")) -> Preis auf Anfrage | W30: 1e16d295-3543-4620-874f-47680d4924f9
A31: Baumarkt | B31: Gartenwerkzeug handgeführt u. Zubehör | C31: 371050 | D31: Erntehelfer | E31: =IF(COUNTIFS(Prüfanforderungen!$P$3:$P$181,$W31)=0,"keine Norm hinterlegt",IF($L31=0,"0 € hinterlegt","")) -> 0 € hinterlegt | F31: Ja | G31: 2 | I31: Nein | J31: Nein | K31: 102_PPM | L31: =IF(COUNTIFS(Prüfanforderungen!$P$3:$P$181,$W31,Prüfanforderungen!$D$3:$D$181,"Sicherheit-/Normprüfung",Prüfanforderungen!$K$3:$K$181,">=0")=0,"Preis auf Anfrage",SUMIFS(Prüfanforderungen!$K$3:$K$181,Prüfanforderungen!$P$3:$P$181,$W31,Prüfanforderungen!$D$3:$D$181,"Sicherheit-/Normprüfung")) -> 0 | N31: 102_PPM: PSA beachten! | ggf. EE | Multiwinkel / Lineal / Zollstock / usw. | nicht trivial, wenn Verwendung auf Herd möglich | HG | P31: =IF(COUNTIFS(Prüfanforderungen!$P$3:$P$181,$W31,Prüfanforderungen!$D$3:$D$181,"FFU/Fitting",Prüfanforderungen!$K$3:$K$181,">=0")=0,"Preis auf Anfrage",SUMIFS(Prüfanforderungen!$K$3:$K$181,Prüfanforderungen!$P$3:$P$181,$W31,Prüfanforderungen!$D$3:$D$181,"FFU/Fitting")) -> Preis auf Anfrage | S31: =IF(COUNTIFS(Prüfanforderungen!$P$3:$P$181,$W31,Prüfanforderungen!$D$3:$D$181,"NGO / StiWa",Prüfanforderungen!$K$3:$K$181,">=0")=0,"Preis auf Anfrage",SUMIFS(Prüfanforderungen!$K$3:$K$181,Prüfanforderungen!$P$3:$P$181,$W31,Prüfanforderungen!$D$3:$D$181,"NGO / StiWa")) -> Preis auf Anfrage | V31: 360 | W31: 0ec4e4d1-dd15-47bd-b338-d37e78a6e6b9
A32: Baumarkt | B32: Gasgrills | C32: 370010 | D32: Gasgrill | E32: =IF(COUNTIFS(Prüfanforderungen!$P$3:$P$181,$W32)=0,"keine Norm hinterlegt",IF($L32=0,"0 € hinterlegt","")) -> 0 € hinterlegt | F32: Nein | G32: Anfrage | I32: Nein | J32: Nein | K32: DIN EN 1860-1 | L32: =IF(COUNTIFS(Prüfanforderungen!$P$3:$P$181,$W32,Prüfanforderungen!$D$3:$D$181,"Sicherheit-/Normprüfung",Prüfanforderungen!$K$3:$K$181,">=0")=0,"Preis auf Anfrage",SUMIFS(Prüfanforderungen!$K$3:$K$181,Prüfanforderungen!$P$3:$P$181,$W32,Prüfanforderungen!$D$3:$D$181,"Sicherheit-/Normprüfung")) -> 0 | N32: DIN EN 1860-1: Gasgeräteverordnung! CE-Zeichen! KE nötig. Prüfung über Asien | Für GS-Projekte EK-Beschlussliste EK5/AK8 beachten! | P32: =IF(COUNTIFS(Prüfanforderungen!$P$3:$P$181,$W32,Prüfanforderungen!$D$3:$D$181,"FFU/Fitting",Prüfanforderungen!$K$3:$K$181,">=0")=0,"Preis auf Anfrage",SUMIFS(Prüfanforderungen!$K$3:$K$181,Prüfanforderungen!$P$3:$P$181,$W32,Prüfanforderungen!$D$3:$D$181,"FFU/Fitting")) -> Preis auf Anfrage | S32: =IF(COUNTIFS(Prüfanforderungen!$P$3:$P$181,$W32,Prüfanforderungen!$D$3:$D$181,"NGO / StiWa",Prüfanforderungen!$K$3:$K$181,">=0")=0,"Preis auf Anfrage",SUMIFS(Prüfanforderungen!$K$3:$K$181,Prüfanforderungen!$P$3:$P$181,$W32,Prüfanforderungen!$D$3:$D$181,"NGO / StiWa")) -> Preis auf Anfrage | W32: 261cdf89-c63d-441f-9b62-f717b496993e
A33: Baumarkt | B33: Grillzubehör | C33: 370030 | D33: Anzündkamin | E33: =IF(COUNTIFS(Prüfanforderungen!$P$3:$P$181,$W33)=0,"keine Norm hinterlegt",IF($L33=0,"0 € hinterlegt","")) | F33: Nein | G33: 2 | I33: Nein | J33: Nein | K33: in Anlehnung an DIN EN 1860-1 | L33: =IF(COUNTIFS(Prüfanforderungen!$P$3:$P$181,$W33,Prüfanforderungen!$D$3:$D$181,"Sicherheit-/Normprüfung",Prüfanforderungen!$K$3:$K$181,">=0")=0,"Preis auf Anfrage",SUMIFS(Prüfanforderungen!$K$3:$K$181,Prüfanforderungen!$P$3:$P$181,$W33,Prüfanforderungen!$D$3:$D$181,"Sicherheit-/Normprüfung")) -> 360 | P33: =IF(COUNTIFS(Prüfanforderungen!$P$3:$P$181,$W33,Prüfanforderungen!$D$3:$D$181,"FFU/Fitting",Prüfanforderungen!$K$3:$K$181,">=0")=0,"Preis auf Anfrage",SUMIFS(Prüfanforderungen!$K$3:$K$181,Prüfanforderungen!$P$3:$P$181,$W33,Prüfanforderungen!$D$3:$D$181,"FFU/Fitting")) -> Preis auf Anfrage | S33: =IF(COUNTIFS(Prüfanforderungen!$P$3:$P$181,$W33,Prüfanforderungen!$D$3:$D$181,"NGO / StiWa",Prüfanforderungen!$K$3:$K$181,">=0")=0,"Preis auf Anfrage",SUMIFS(Prüfanforderungen!$K$3:$K$181,Prüfanforderungen!$P$3:$P$181,$W33,Prüfanforderungen!$D$3:$D$181,"NGO / StiWa")) -> Preis auf Anfrage | W33: d33a5055-ad8b-4394-a48f-37e74f574bca
A34: Baumarkt | B34: Grillzubehör | C34: 370030 | D34: Campingkocher, Campinglampe | E34: =IF(COUNTIFS(Prüfanforderungen!$P$3:$P$181,$W34)=0,"keine Norm hinterlegt",IF($L34=0,"0 € hinterlegt","")) -> keine Norm hinterlegt | F34: Nein | I34: Nein | J34: Nein | L34: =IF(COUNTIFS(Prüfanforderungen!$P$3:$P$181,$W34,Prüfanforderungen!$D$3:$D$181,"Sicherheit-/Normprüfung",Prüfanforderungen!$K$3:$K$181,">=0")=0,"Preis auf Anfrage",SUMIFS(Prüfanforderungen!$K$3:$K$181,Prüfanforderungen!$P$3:$P$181,$W34,Prüfanforderungen!$D$3:$D$181,"Sicherheit-/Normprüfung")) -> Preis auf Anfrage | P34: =IF(COUNTIFS(Prüfanforderungen!$P$3:$P$181,$W34,Prüfanforderungen!$D$3:$D$181,"FFU/Fitting",Prüfanforderungen!$K$3:$K$181,">=0")=0,"Preis auf Anfrage",SUMIFS(Prüfanforderungen!$K$3:$K$181,Prüfanforderungen!$P$3:$P$181,$W34,Prüfanforderungen!$D$3:$D$181,"FFU/Fitting")) -> Preis auf Anfrage | S34: =IF(COUNTIFS(Prüfanforderungen!$P$3:$P$181,$W34,Prüfanforderungen!$D$3:$D$181,"NGO / StiWa",Prüfanforderungen!$K$3:$K$181,">=0")=0,"Preis auf Anfrage",SUMIFS(Prüfanforderungen!$K$3:$K$181,Prüfanforderungen!$P$3:$P$181,$W34,Prüfanforderungen!$D$3:$D$181,"NGO / StiWa")) -> Preis auf Anfrage | W34: 379f30f7-da5b-4a2b-a229-10aa0d791716
A35: Baumarkt | B35: Grillzubehör | C35: 370030 | D35: Feuerzeug | E35: =IF(COUNTIFS(Prüfanforderungen!$P$3:$P$181,$W35)=0,"keine Norm hinterlegt",IF($L35=0,"0 € hinterlegt","")) | F35: Nein | G35: 2 | I35: Nein | J35: Nein | K35: ISO 22702 | L35: =IF(COUNTIFS(Prüfanforderungen!$P$3:$P$181,$W35,Prüfanforderungen!$D$3:$D$181,"Sicherheit-/Normprüfung",Prüfanforderungen!$K$3:$K$181,">=0")=0,"Preis auf Anfrage",SUMIFS(Prüfanforderungen!$K$3:$K$181,Prüfanforderungen!$P$3:$P$181,$W35,Prüfanforderungen!$D$3:$D$181,"Sicherheit-/Normprüfung")) -> 900 | P35: =IF(COUNTIFS(Prüfanforderungen!$P$3:$P$181,$W35,Prüfanforderungen!$D$3:$D$181,"FFU/Fitting",Prüfanforderungen!$K$3:$K$181,">=0")=0,"Preis auf Anfrage",SUMIFS(Prüfanforderungen!$K$3:$K$181,Prüfanforderungen!$P$3:$P$181,$W35,Prüfanforderungen!$D$3:$D$181,"FFU/Fitting")) -> Preis auf Anfrage | S35: =IF(COUNTIFS(Prüfanforderungen!$P$3:$P$181,$W35,Prüfanforderungen!$D$3:$D$181,"NGO / StiWa",Prüfanforderungen!$K$3:$K$181,">=0")=0,"Preis auf Anfrage",SUMIFS(Prüfanforderungen!$K$3:$K$181,Prüfanforderungen!$P$3:$P$181,$W35,Prüfanforderungen!$D$3:$D$181,"NGO / StiWa")) -> Preis auf Anfrage | U35: 620 | V35: 900 | W35: 2264c2ce-8d2e-4e02-82d6-fce51e04eb10
A36: Baumarkt | B36: Grillzubehör | C36: 370030 | D36: Grillabdeckung | E36: =IF(COUNTIFS(Prüfanforderungen!$P$3:$P$181,$W36)=0,"keine Norm hinterlegt",IF($L36=0,"0 € hinterlegt","")) -> 0 € hinterlegt | F36: Nein | I36: Nein | J36: Nein | K36: 102_PPM | L36: =IF(COUNTIFS(Prüfanforderungen!$P$3:$P$181,$W36,Prüfanforderungen!$D$3:$D$181,"Sicherheit-/Normprüfung",Prüfanforderungen!$K$3:$K$181,">=0")=0,"Preis auf Anfrage",SUMIFS(Prüfanforderungen!$K$3:$K$181,Prüfanforderungen!$P$3:$P$181,$W36,Prüfanforderungen!$D$3:$D$181,"Sicherheit-/Normprüfung")) -> 0 | N36: 102_PPM: PSA beachten! | ggf. EE | Multiwinkel / Lineal / Zollstock / usw. | nicht trivial, wenn Verwendung auf Herd möglich | HG | P36: =IF(COUNTIFS(Prüfanforderungen!$P$3:$P$181,$W36,Prüfanforderungen!$D$3:$D$181,"FFU/Fitting",Prüfanforderungen!$K$3:$K$181,">=0")=0,"Preis auf Anfrage",SUMIFS(Prüfanforderungen!$K$3:$K$181,Prüfanforderungen!$P$3:$P$181,$W36,Prüfanforderungen!$D$3:$D$181,"FFU/Fitting")) -> Preis auf Anfrage | S36: =IF(COUNTIFS(Prüfanforderungen!$P$3:$P$181,$W36,Prüfanforderungen!$D$3:$D$181,"NGO / StiWa",Prüfanforderungen!$K$3:$K$181,">=0")=0,"Preis auf Anfrage",SUMIFS(Prüfanforderungen!$K$3:$K$181,Prüfanforderungen!$P$3:$P$181,$W36,Prüfanforderungen!$D$3:$D$181,"NGO / StiWa")) -> Preis auf Anfrage | V36: 320 | W36: 2d679c74-d480-4f62-938d-0b2d2b388b68
A37: Baumarkt | B37: Grillzubehör | C37: 370030 | D37: Grillbürsten | E37: =IF(COUNTIFS(Prüfanforderungen!$P$3:$P$181,$W37)=0,"keine Norm hinterlegt",IF($L37=0,"0 € hinterlegt","")) | F37: Ja | G37: 2 | I37: Nein | J37: Nein | K37: 102_PPM | L37: =IF(COUNTIFS(Prüfanforderungen!$P$3:$P$181,$W37,Prüfanforderungen!$D$3:$D$181,"Sicherheit-/Normprüfung",Prüfanforderungen!$K$3:$K$181,">=0")=0,"Preis auf Anfrage",SUMIFS(Prüfanforderungen!$K$3:$K$181,Prüfanforderungen!$P$3:$P$181,$W37,Prüfanforderungen!$D$3:$D$181,"Sicherheit-/Normprüfung")) -> 270 | N37: 102_PPM: PSA beachten! | ggf. EE | Multiwinkel / Lineal / Zollstock / usw. | nicht trivial, wenn Verwendung auf Herd möglich | HG | P37: =IF(COUNTIFS(Prüfanforderungen!$P$3:$P$181,$W37,Prüfanforderungen!$D$3:$D$181,"FFU/Fitting",Prüfanforderungen!$K$3:$K$181,">=0")=0,"Preis auf Anfrage",SUMIFS(Prüfanforderungen!$K$3:$K$181,Prüfanforderungen!$P$3:$P$181,$W37,Prüfanforderungen!$D$3:$D$181,"FFU/Fitting")) -> Preis auf Anfrage | S37: =IF(COUNTIFS(Prüfanforderungen!$P$3:$P$181,$W37,Prüfanforderungen!$D$3:$D$181,"NGO / StiWa",Prüfanforderungen!$K$3:$K$181,">=0")=0,"Preis auf Anfrage",SUMIFS(Prüfanforderungen!$K$3:$K$181,Prüfanforderungen!$P$3:$P$181,$W37,Prüfanforderungen!$D$3:$D$181,"NGO / StiWa")) -> Preis auf Anfrage | V37: 480 | W37: 4f7a4dad-e07a-4c34-8ae3-5a7ce7e6691d
A38: Baumarkt | B38: Grillzubehör | C38: 370030 | D38: Grillzubehör / Kaminzubehör | E38: =IF(COUNTIFS(Prüfanforderungen!$P$3:$P$181,$W38)=0,"keine Norm hinterlegt",IF($L38=0,"0 € hinterlegt","")) | F38: Ja | G38: 2 | I38: Nein | J38: Nein | K38: 102_PPM | L38: =IF(COUNTIFS(Prüfanforderungen!$P$3:$P$181,$W38,Prüfanforderungen!$D$3:$D$181,"Sicherheit-/Normprüfung",Prüfanforderungen!$K$3:$K$181,">=0")=0,"Preis auf Anfrage",SUMIFS(Prüfanforderungen!$K$3:$K$181,Prüfanforderungen!$P$3:$P$181,$W38,Prüfanforderungen!$D$3:$D$181,"Sicherheit-/Normprüfung")) -> 540 | N38: 102_PPM: PSA beachten! | ggf. EE | Multiwinkel / Lineal / Zollstock / usw. | nicht trivial, wenn Verwendung auf Herd möglich | HG | P38: =IF(COUNTIFS(Prüfanforderungen!$P$3:$P$181,$W38,Prüfanforderungen!$D$3:$D$181,"FFU/Fitting",Prüfanforderungen!$K$3:$K$181,">=0")=0,"Preis auf Anfrage",SUMIFS(Prüfanforderungen!$K$3:$K$181,Prüfanforderungen!$P$3:$P$181,$W38,Prüfanforderungen!$D$3:$D$181,"FFU/Fitting")) -> Preis auf Anfrage | S38: =IF(COUNTIFS(Prüfanforderungen!$P$3:$P$181,$W38,Prüfanforderungen!$D$3:$D$181,"NGO / StiWa",Prüfanforderungen!$K$3:$K$181,">=0")=0,"Preis auf Anfrage",SUMIFS(Prüfanforderungen!$K$3:$K$181,Prüfanforderungen!$P$3:$P$181,$W38,Prüfanforderungen!$D$3:$D$181,"NGO / StiWa")) -> Preis auf Anfrage | V38: 480 | W38: 19aee4af-09bb-434c-b3b6-e68a7e544a97
A39: Baumarkt | B39: Heizungs- u. Wassertechnik | C39: 389040 | D39: Entlüftungsschlüssel | E39: =IF(COUNTIFS(Prüfanforderungen!$P$3:$P$181,$W39)=0,"keine Norm hinterlegt",IF($L39=0,"0 € hinterlegt","")) -> keine Norm hinterlegt | F39: Nein | I39: Nein | J39: Nein | L39: =IF(COUNTIFS(Prüfanforderungen!$P$3:$P$181,$W39,Prüfanforderungen!$D$3:$D$181,"Sicherheit-/Normprüfung",Prüfanforderungen!$K$3:$K$181,">=0")=0,"Preis auf Anfrage",SUMIFS(Prüfanforderungen!$K$3:$K$181,Prüfanforderungen!$P$3:$P$181,$W39,Prüfanforderungen!$D$3:$D$181,"Sicherheit-/Normprüfung")) -> Preis auf Anfrage | P39: =IF(COUNTIFS(Prüfanforderungen!$P$3:$P$181,$W39,Prüfanforderungen!$D$3:$D$181,"FFU/Fitting",Prüfanforderungen!$K$3:$K$181,">=0")=0,"Preis auf Anfrage",SUMIFS(Prüfanforderungen!$K$3:$K$181,Prüfanforderungen!$P$3:$P$181,$W39,Prüfanforderungen!$D$3:$D$181,"FFU/Fitting")) -> Preis auf Anfrage | S39: =IF(COUNTIFS(Prüfanforderungen!$P$3:$P$181,$W39,Prüfanforderungen!$D$3:$D$181,"NGO / StiWa",Prüfanforderungen!$K$3:$K$181,">=0")=0,"Preis auf Anfrage",SUMIFS(Prüfanforderungen!$K$3:$K$181,Prüfanforderungen!$P$3:$P$181,$W39,Prüfanforderungen!$D$3:$D$181,"NGO / StiWa")) -> Preis auf Anfrage | W39: 9f8e1174-d141-4613-bc4b-7768d03fe94b
A40: Baumarkt | B40: Kamine, Öfen u. Zubehör | C40: 389010 | D40: Kaminbesteck | E40: =IF(COUNTIFS(Prüfanforderungen!$P$3:$P$181,$W40)=0,"keine Norm hinterlegt",IF($L40=0,"0 € hinterlegt","")) | F40: Ja | I40: Nein | J40: Nein | K40: 102_PPM | L40: =IF(COUNTIFS(Prüfanforderungen!$P$3:$P$181,$W40,Prüfanforderungen!$D$3:$D$181,"Sicherheit-/Normprüfung",Prüfanforderungen!$K$3:$K$181,">=0")=0,"Preis auf Anfrage",SUMIFS(Prüfanforderungen!$K$3:$K$181,Prüfanforderungen!$P$3:$P$181,$W40,Prüfanforderungen!$D$3:$D$181,"Sicherheit-/Normprüfung")) -> 270 | N40: 102_PPM: PSA beachten! | ggf. EE | Multiwinkel / Lineal / Zollstock / usw. | nicht trivial, wenn Verwendung auf Herd möglich | HG | P40: =IF(COUNTIFS(Prüfanforderungen!$P$3:$P$181,$W40,Prüfanforderungen!$D$3:$D$181,"FFU/Fitting",Prüfanforderungen!$K$3:$K$181,">=0")=0,"Preis auf Anfrage",SUMIFS(Prüfanforderungen!$K$3:$K$181,Prüfanforderungen!$P$3:$P$181,$W40,Prüfanforderungen!$D$3:$D$181,"FFU/Fitting")) -> Preis auf Anfrage | S40: =IF(COUNTIFS(Prüfanforderungen!$P$3:$P$181,$W40,Prüfanforderungen!$D$3:$D$181,"NGO / StiWa",Prüfanforderungen!$K$3:$K$181,">=0")=0,"Preis auf Anfrage",SUMIFS(Prüfanforderungen!$K$3:$K$181,Prüfanforderungen!$P$3:$P$181,$W40,Prüfanforderungen!$D$3:$D$181,"NGO / StiWa")) -> Preis auf Anfrage | W40: ee5dfac1-ce50-49b3-a13e-510cbb24f24e
A41: Baumarkt | B41: Kleinteilesets u. Eisenwaren | C41: 387300 | D41: Blechschrauben | E41: =IF(COUNTIFS(Prüfanforderungen!$P$3:$P$181,$W41)=0,"keine Norm hinterlegt",IF($L41=0,"0 € hinterlegt","")) -> 0 € hinterlegt | F41: Nein | I41: Nein | J41: Nein | K41: DIN 968 & DIN EN ISO 1478 & DIN EN ISO 3506-4 | L41: =IF(COUNTIFS(Prüfanforderungen!$P$3:$P$181,$W41,Prüfanforderungen!$D$3:$D$181,"Sicherheit-/Normprüfung",Prüfanforderungen!$K$3:$K$181,">=0")=0,"Preis auf Anfrage",SUMIFS(Prüfanforderungen!$K$3:$K$181,Prüfanforderungen!$P$3:$P$181,$W41,Prüfanforderungen!$D$3:$D$181,"Sicherheit-/Normprüfung")) -> 0 | P41: =IF(COUNTIFS(Prüfanforderungen!$P$3:$P$181,$W41,Prüfanforderungen!$D$3:$D$181,"FFU/Fitting",Prüfanforderungen!$K$3:$K$181,">=0")=0,"Preis auf Anfrage",SUMIFS(Prüfanforderungen!$K$3:$K$181,Prüfanforderungen!$P$3:$P$181,$W41,Prüfanforderungen!$D$3:$D$181,"FFU/Fitting")) -> Preis auf Anfrage | S41: =IF(COUNTIFS(Prüfanforderungen!$P$3:$P$181,$W41,Prüfanforderungen!$D$3:$D$181,"NGO / StiWa",Prüfanforderungen!$K$3:$K$181,">=0")=0,"Preis auf Anfrage",SUMIFS(Prüfanforderungen!$K$3:$K$181,Prüfanforderungen!$P$3:$P$181,$W41,Prüfanforderungen!$D$3:$D$181,"NGO / StiWa")) -> Preis auf Anfrage | W41: ed6c10dc-29bb-4b71-ad91-79241a9da2e7
A42: Baumarkt | B42: Kleinteilesets u. Eisenwaren | C42: 387300 | D42: Dübel | E42: =IF(COUNTIFS(Prüfanforderungen!$P$3:$P$181,$W42)=0,"keine Norm hinterlegt",IF($L42=0,"0 € hinterlegt","")) -> 0 € hinterlegt | F42: Nein | I42: Nein | J42: Nein | K42: DIN EN 1992-4 | L42: =IF(COUNTIFS(Prüfanforderungen!$P$3:$P$181,$W42,Prüfanforderungen!$D$3:$D$181,"Sicherheit-/Normprüfung",Prüfanforderungen!$K$3:$K$181,">=0")=0,"Preis auf Anfrage",SUMIFS(Prüfanforderungen!$K$3:$K$181,Prüfanforderungen!$P$3:$P$181,$W42,Prüfanforderungen!$D$3:$D$181,"Sicherheit-/Normprüfung")) -> 0 | P42: =IF(COUNTIFS(Prüfanforderungen!$P$3:$P$181,$W42,Prüfanforderungen!$D$3:$D$181,"FFU/Fitting",Prüfanforderungen!$K$3:$K$181,">=0")=0,"Preis auf Anfrage",SUMIFS(Prüfanforderungen!$K$3:$K$181,Prüfanforderungen!$P$3:$P$181,$W42,Prüfanforderungen!$D$3:$D$181,"FFU/Fitting")) -> Preis auf Anfrage | S42: =IF(COUNTIFS(Prüfanforderungen!$P$3:$P$181,$W42,Prüfanforderungen!$D$3:$D$181,"NGO / StiWa",Prüfanforderungen!$K$3:$K$181,">=0")=0,"Preis auf Anfrage",SUMIFS(Prüfanforderungen!$K$3:$K$181,Prüfanforderungen!$P$3:$P$181,$W42,Prüfanforderungen!$D$3:$D$181,"NGO / StiWa")) -> Preis auf Anfrage | W42: 53b17e0d-7cc0-42e9-99e3-81a4c4b359f0
A43: Baumarkt | B43: Kleinteilesets u. Eisenwaren | C43: 387300 | D43: Haken- und Dübelsortiment, Kabelbindersortiment, Nagelsortiment, Dübelsortiment 4fach sort. | E43: =IF(COUNTIFS(Prüfanforderungen!$P$3:$P$181,$W43)=0,"keine Norm hinterlegt",IF($L43=0,"0 € hinterlegt","")) -> 0 € hinterlegt | F43: Nein | G43: 6 | I43: Nein | J43: Nein | K43: Teilprüfung nach 1992-4 (Mech) Teilprüfung nach DIN EN 62275 (Kabelbinder) | L43: =IF(COUNTIFS(Prüfanforderungen!$P$3:$P$181,$W43,Prüfanforderungen!$D$3:$D$181,"Sicherheit-/Normprüfung",Prüfanforderungen!$K$3:$K$181,">=0")=0,"Preis auf Anfrage",SUMIFS(Prüfanforderungen!$K$3:$K$181,Prüfanforderungen!$P$3:$P$181,$W43,Prüfanforderungen!$D$3:$D$181,"Sicherheit-/Normprüfung")) -> 0 | N43: Teilprüfung nach 1992-4 (Mech) Teilprüfung nach DIN EN 62275 (Kabelbinder): EE | O43: 110_PPM_FFU | P43: =IF(COUNTIFS(Prüfanforderungen!$P$3:$P$181,$W43,Prüfanforderungen!$D$3:$D$181,"FFU/Fitting",Prüfanforderungen!$K$3:$K$181,">=0")=0,"Preis auf Anfrage",SUMIFS(Prüfanforderungen!$K$3:$K$181,Prüfanforderungen!$P$3:$P$181,$W43,Prüfanforderungen!$D$3:$D$181,"FFU/Fitting")) -> 460 | S43: =IF(COUNTIFS(Prüfanforderungen!$P$3:$P$181,$W43,Prüfanforderungen!$D$3:$D$181,"NGO / StiWa",Prüfanforderungen!$K$3:$K$181,">=0")=0,"Preis auf Anfrage",SUMIFS(Prüfanforderungen!$K$3:$K$181,Prüfanforderungen!$P$3:$P$181,$W43,Prüfanforderungen!$D$3:$D$181,"NGO / StiWa")) -> Preis auf Anfrage | V43: 710 | W43: d7385ddc-768a-437f-b589-23a4b223d4d9
A44: Baumarkt | B44: Kleinteilesets u. Eisenwaren | C44: 387300 | D44: Holzverbinder | E44: =IF(COUNTIFS(Prüfanforderungen!$P$3:$P$181,$W44)=0,"keine Norm hinterlegt",IF($L44=0,"0 € hinterlegt","")) -> 0 € hinterlegt | F44: Nein | I44: Nein | J44: Nein | K44: EN 14545 | L44: =IF(COUNTIFS(Prüfanforderungen!$P$3:$P$181,$W44,Prüfanforderungen!$D$3:$D$181,"Sicherheit-/Normprüfung",Prüfanforderungen!$K$3:$K$181,">=0")=0,"Preis auf Anfrage",SUMIFS(Prüfanforderungen!$K$3:$K$181,Prüfanforderungen!$P$3:$P$181,$W44,Prüfanforderungen!$D$3:$D$181,"Sicherheit-/Normprüfung")) -> 0 | P44: =IF(COUNTIFS(Prüfanforderungen!$P$3:$P$181,$W44,Prüfanforderungen!$D$3:$D$181,"FFU/Fitting",Prüfanforderungen!$K$3:$K$181,">=0")=0,"Preis auf Anfrage",SUMIFS(Prüfanforderungen!$K$3:$K$181,Prüfanforderungen!$P$3:$P$181,$W44,Prüfanforderungen!$D$3:$D$181,"FFU/Fitting")) -> Preis auf Anfrage | S44: =IF(COUNTIFS(Prüfanforderungen!$P$3:$P$181,$W44,Prüfanforderungen!$D$3:$D$181,"NGO / StiWa",Prüfanforderungen!$K$3:$K$181,">=0")=0,"Preis auf Anfrage",SUMIFS(Prüfanforderungen!$K$3:$K$181,Prüfanforderungen!$P$3:$P$181,$W44,Prüfanforderungen!$D$3:$D$181,"NGO / StiWa")) -> Preis auf Anfrage | W44: 050cfb07-d793-4477-bea7-68d1a7a0be01
A45: Baumarkt | B45: Kleinteilesets u. Eisenwaren | C45: 387300 | D45: Kabelbinder | E45: =IF(COUNTIFS(Prüfanforderungen!$P$3:$P$181,$W45)=0,"keine Norm hinterlegt",IF($L45=0,"0 € hinterlegt","")) -> 0 € hinterlegt | F45: Nein | G45: 3 | I45: Nein | J45: Nein | K45: Sicherheit- / Normprüfung Teilprüfung nach EN IEC 62275:2019 - 8 Aufbau - 9.2 Installationsprüfung | L45: =IF(COUNTIFS(Prüfanforderungen!$P$3:$P$181,$W45,Prüfanforderungen!$D$3:$D$181,"Sicherheit-/Normprüfung",Prüfanforderungen!$K$3:$K$181,">=0")=0,"Preis auf Anfrage",SUMIFS(Prüfanforderungen!$K$3:$K$181,Prüfanforderungen!$P$3:$P$181,$W45,Prüfanforderungen!$D$3:$D$181,"Sicherheit-/Normprüfung")) -> 0 | N45: Sicherheit- / Normprüfung Teilprüfung nach EN IEC 62275:2019 - 8 Aufbau - 9.2 Installationsprüfung: EE | P45: =IF(COUNTIFS(Prüfanforderungen!$P$3:$P$181,$W45,Prüfanforderungen!$D$3:$D$181,"FFU/Fitting",Prüfanforderungen!$K$3:$K$181,">=0")=0,"Preis auf Anfrage",SUMIFS(Prüfanforderungen!$K$3:$K$181,Prüfanforderungen!$P$3:$P$181,$W45,Prüfanforderungen!$D$3:$D$181,"FFU/Fitting")) -> Preis auf Anfrage | S45: =IF(COUNTIFS(Prüfanforderungen!$P$3:$P$181,$W45,Prüfanforderungen!$D$3:$D$181,"NGO / StiWa",Prüfanforderungen!$K$3:$K$181,">=0")=0,"Preis auf Anfrage",SUMIFS(Prüfanforderungen!$K$3:$K$181,Prüfanforderungen!$P$3:$P$181,$W45,Prüfanforderungen!$D$3:$D$181,"NGO / StiWa")) -> Preis auf Anfrage | V45: 400 | W45: 6847b9a7-0553-4bbe-b2bc-316e6f8bb82e
A46: Baumarkt | B46: Kleinteilesets u. Eisenwaren | C46: 387300 | D46: Kleinteileset Niedervolt 7-fach sort. | E46: =IF(COUNTIFS(Prüfanforderungen!$P$3:$P$181,$W46)=0,"keine Norm hinterlegt",IF($L46=0,"0 € hinterlegt","")) -> 0 € hinterlegt | F46: Nein | G46: 3 | I46: Nein | J46: Nein | K46: Sicherheit / Normprüfung - Produktsicherheit Teilprüfung Schneidklemmen (CE): EN 60998-2-3 - Cl.17 - Luft- und Kriechstrecken - Cl. 13.3 & 13.4 Hochspannung & Isolationsprüfung - Cl.16.3 Kugeldruckpr. - Cl. 18 Glühdrahtpr. Sicherheit / Normprüfung - Produktsicherheit Teilprüfung Klettkabelinder: 102_PPM Sicherheit / Normprüfung - Produktsicherheit Teilprüfung Verbindersortiment und Schelle: 102_PPM Schrumpfschlauch: 102_PPM Krokodilklemmen (24 V): 102_PPM | L46: =IF(COUNTIFS(Prüfanforderungen!$P$3:$P$181,$W46,Prüfanforderungen!$D$3:$D$181,"Sicherheit-/Normprüfung",Prüfanforderungen!$K$3:$K$181,">=0")=0,"Preis auf Anfrage",SUMIFS(Prüfanforderungen!$K$3:$K$181,Prüfanforderungen!$P$3:$P$181,$W46,Prüfanforderungen!$D$3:$D$181,"Sicherheit-/Normprüfung")) -> 0 | N46: Sicherheit / Normprüfung - Produktsicherheit Teilprüfung Schneidklemmen (CE): EN 60998-2-3 - Cl.17 - Luft- und Kriechstrecken - Cl. 13.3 & 13.4 Hochspannung & Isolationsprüfung - Cl.16.3 Kugeldruckpr. - Cl. 18 Glühdrahtpr. Sicherheit / Normprüfung - Produktsicherheit Teilprüfung Klettkabelinder: 102_PPM Sicherheit / Normprüfung - Produktsicherheit Teilprüfung Verbindersortiment und Schelle: 102_PPM Schrumpfschlauch: 102_PPM Krokodilklemmen (24 V): 102_PPM: EE | P46: =IF(COUNTIFS(Prüfanforderungen!$P$3:$P$181,$W46,Prüfanforderungen!$D$3:$D$181,"FFU/Fitting",Prüfanforderungen!$K$3:$K$181,">=0")=0,"Preis auf Anfrage",SUMIFS(Prüfanforderungen!$K$3:$K$181,Prüfanforderungen!$P$3:$P$181,$W46,Prüfanforderungen!$D$3:$D$181,"FFU/Fitting")) -> Preis auf Anfrage | S46: =IF(COUNTIFS(Prüfanforderungen!$P$3:$P$181,$W46,Prüfanforderungen!$D$3:$D$181,"NGO / StiWa",Prüfanforderungen!$K$3:$K$181,">=0")=0,"Preis auf Anfrage",SUMIFS(Prüfanforderungen!$K$3:$K$181,Prüfanforderungen!$P$3:$P$181,$W46,Prüfanforderungen!$D$3:$D$181,"NGO / StiWa")) -> Preis auf Anfrage | V46: 3219 | W46: 9566bfe5-8a18-45e0-8b57-a178d7e3126d
A47: Baumarkt | B47: Kleinteilesets u. Eisenwaren | C47: 387300 | D47: Nägel | E47: =IF(COUNTIFS(Prüfanforderungen!$P$3:$P$181,$W47)=0,"keine Norm hinterlegt",IF($L47=0,"0 € hinterlegt","")) -> 0 € hinterlegt | F47: Nein | I47: Nein | J47: Nein | K47: DIN EN 10230-1 &DIN EN 14592 | L47: =IF(COUNTIFS(Prüfanforderungen!$P$3:$P$181,$W47,Prüfanforderungen!$D$3:$D$181,"Sicherheit-/Normprüfung",Prüfanforderungen!$K$3:$K$181,">=0")=0,"Preis auf Anfrage",SUMIFS(Prüfanforderungen!$K$3:$K$181,Prüfanforderungen!$P$3:$P$181,$W47,Prüfanforderungen!$D$3:$D$181,"Sicherheit-/Normprüfung")) -> 0 | P47: =IF(COUNTIFS(Prüfanforderungen!$P$3:$P$181,$W47,Prüfanforderungen!$D$3:$D$181,"FFU/Fitting",Prüfanforderungen!$K$3:$K$181,">=0")=0,"Preis auf Anfrage",SUMIFS(Prüfanforderungen!$K$3:$K$181,Prüfanforderungen!$P$3:$P$181,$W47,Prüfanforderungen!$D$3:$D$181,"FFU/Fitting")) -> Preis auf Anfrage | S47: =IF(COUNTIFS(Prüfanforderungen!$P$3:$P$181,$W47,Prüfanforderungen!$D$3:$D$181,"NGO / StiWa",Prüfanforderungen!$K$3:$K$181,">=0")=0,"Preis auf Anfrage",SUMIFS(Prüfanforderungen!$K$3:$K$181,Prüfanforderungen!$P$3:$P$181,$W47,Prüfanforderungen!$D$3:$D$181,"NGO / StiWa")) -> Preis auf Anfrage | W47: 9727b107-5c45-43e7-8643-58a2cc894094
A48: Baumarkt | B48: Kleinteilesets u. Eisenwaren | C48: 387300 | D48: Schrumpfschlauch-, Kabelstoßverbinder-, Lüsterklemmen-, Lötverbinderset, Kabelschellenset 5 fach sort | E48: =IF(COUNTIFS(Prüfanforderungen!$P$3:$P$181,$W48)=0,"keine Norm hinterlegt",IF($L48=0,"0 € hinterlegt","")) -> 0 € hinterlegt | F48: Nein | G48: 2 | I48: Nein | J48: Nein | K48: Sicherheit / Normprüfung - Produktsicherheit Teilprüfung nach DIN EN 60998-2-1 Teilprüfung nach DIN EN 60684-1 | L48: =IF(COUNTIFS(Prüfanforderungen!$P$3:$P$181,$W48,Prüfanforderungen!$D$3:$D$181,"Sicherheit-/Normprüfung",Prüfanforderungen!$K$3:$K$181,">=0")=0,"Preis auf Anfrage",SUMIFS(Prüfanforderungen!$K$3:$K$181,Prüfanforderungen!$P$3:$P$181,$W48,Prüfanforderungen!$D$3:$D$181,"Sicherheit-/Normprüfung")) -> 0 | N48: Sicherheit / Normprüfung - Produktsicherheit Teilprüfung nach DIN EN 60998-2-1 Teilprüfung nach DIN EN 60684-1: EE | P48: =IF(COUNTIFS(Prüfanforderungen!$P$3:$P$181,$W48,Prüfanforderungen!$D$3:$D$181,"FFU/Fitting",Prüfanforderungen!$K$3:$K$181,">=0")=0,"Preis auf Anfrage",SUMIFS(Prüfanforderungen!$K$3:$K$181,Prüfanforderungen!$P$3:$P$181,$W48,Prüfanforderungen!$D$3:$D$181,"FFU/Fitting")) -> Preis auf Anfrage | S48: =IF(COUNTIFS(Prüfanforderungen!$P$3:$P$181,$W48,Prüfanforderungen!$D$3:$D$181,"NGO / StiWa",Prüfanforderungen!$K$3:$K$181,">=0")=0,"Preis auf Anfrage",SUMIFS(Prüfanforderungen!$K$3:$K$181,Prüfanforderungen!$P$3:$P$181,$W48,Prüfanforderungen!$D$3:$D$181,"NGO / StiWa")) -> Preis auf Anfrage | V48: 750 | W48: 383a51fa-6045-41c9-8774-fe9412acb0a2
A49: Baumarkt | B49: Kleinteilesets u. Eisenwaren | C49: 387300 | D49: Schrumpfschlauch-Sortiment 8fach sort. | E49: =IF(COUNTIFS(Prüfanforderungen!$P$3:$P$181,$W49)=0,"keine Norm hinterlegt",IF($L49=0,"0 € hinterlegt","")) -> 0 € hinterlegt | F49: Nein | G49: 3 | I49: Nein | J49: Nein | K49: Sicherheit- / Normprüfung Teilprüfung in Anlehnung an EN IEC 62775:2019 und EN 60998-2-3:2004 und allgemeine Sicherheit | L49: =IF(COUNTIFS(Prüfanforderungen!$P$3:$P$181,$W49,Prüfanforderungen!$D$3:$D$181,"Sicherheit-/Normprüfung",Prüfanforderungen!$K$3:$K$181,">=0")=0,"Preis auf Anfrage",SUMIFS(Prüfanforderungen!$K$3:$K$181,Prüfanforderungen!$P$3:$P$181,$W49,Prüfanforderungen!$D$3:$D$181,"Sicherheit-/Normprüfung")) -> 0 | N49: Sicherheit- / Normprüfung Teilprüfung in Anlehnung an EN IEC 62775:2019 und EN 60998-2-3:2004 und allgemeine Sicherheit: EE | P49: =IF(COUNTIFS(Prüfanforderungen!$P$3:$P$181,$W49,Prüfanforderungen!$D$3:$D$181,"FFU/Fitting",Prüfanforderungen!$K$3:$K$181,">=0")=0,"Preis auf Anfrage",SUMIFS(Prüfanforderungen!$K$3:$K$181,Prüfanforderungen!$P$3:$P$181,$W49,Prüfanforderungen!$D$3:$D$181,"FFU/Fitting")) -> Preis auf Anfrage | S49: =IF(COUNTIFS(Prüfanforderungen!$P$3:$P$181,$W49,Prüfanforderungen!$D$3:$D$181,"NGO / StiWa",Prüfanforderungen!$K$3:$K$181,">=0")=0,"Preis auf Anfrage",SUMIFS(Prüfanforderungen!$K$3:$K$181,Prüfanforderungen!$P$3:$P$181,$W49,Prüfanforderungen!$D$3:$D$181,"NGO / StiWa")) -> Preis auf Anfrage | V49: 950 | W49: 1b8fb572-85fc-4831-8d8a-ace6a83c3a3c
A50: Baumarkt | B50: Kleinteilesets u. Eisenwaren | C50: 387300 | D50: Sechskantschrauben | E50: =IF(COUNTIFS(Prüfanforderungen!$P$3:$P$181,$W50)=0,"keine Norm hinterlegt",IF($L50=0,"0 € hinterlegt","")) -> 0 € hinterlegt | F50: Nein | I50: Nein | J50: Nein | K50: DIN EN ISO 4014 &DIN 13-20 | L50: =IF(COUNTIFS(Prüfanforderungen!$P$3:$P$181,$W50,Prüfanforderungen!$D$3:$D$181,"Sicherheit-/Normprüfung",Prüfanforderungen!$K$3:$K$181,">=0")=0,"Preis auf Anfrage",SUMIFS(Prüfanforderungen!$K$3:$K$181,Prüfanforderungen!$P$3:$P$181,$W50,Prüfanforderungen!$D$3:$D$181,"Sicherheit-/Normprüfung")) -> 0 | P50: =IF(COUNTIFS(Prüfanforderungen!$P$3:$P$181,$W50,Prüfanforderungen!$D$3:$D$181,"FFU/Fitting",Prüfanforderungen!$K$3:$K$181,">=0")=0,"Preis auf Anfrage",SUMIFS(Prüfanforderungen!$K$3:$K$181,Prüfanforderungen!$P$3:$P$181,$W50,Prüfanforderungen!$D$3:$D$181,"FFU/Fitting")) -> Preis auf Anfrage | S50: =IF(COUNTIFS(Prüfanforderungen!$P$3:$P$181,$W50,Prüfanforderungen!$D$3:$D$181,"NGO / StiWa",Prüfanforderungen!$K$3:$K$181,">=0")=0,"Preis auf Anfrage",SUMIFS(Prüfanforderungen!$K$3:$K$181,Prüfanforderungen!$P$3:$P$181,$W50,Prüfanforderungen!$D$3:$D$181,"NGO / StiWa")) -> Preis auf Anfrage | W50: e24d51d0-7c16-43e6-81ee-b542f9f32cdb
A51: Baumarkt | B51: Kleinteilesets u. Eisenwaren | C51: 387300 | D51: Spanplattenschrauben | E51: =IF(COUNTIFS(Prüfanforderungen!$P$3:$P$181,$W51)=0,"keine Norm hinterlegt",IF($L51=0,"0 € hinterlegt","")) -> 0 € hinterlegt | F51: Nein | I51: Nein | J51: Nein | K51: ÖNORM M 5027 &DIN EN 14592 &DIN EN ISO 9227 & PA565 | L51: =IF(COUNTIFS(Prüfanforderungen!$P$3:$P$181,$W51,Prüfanforderungen!$D$3:$D$181,"Sicherheit-/Normprüfung",Prüfanforderungen!$K$3:$K$181,">=0")=0,"Preis auf Anfrage",SUMIFS(Prüfanforderungen!$K$3:$K$181,Prüfanforderungen!$P$3:$P$181,$W51,Prüfanforderungen!$D$3:$D$181,"Sicherheit-/Normprüfung")) -> 0 | P51: =IF(COUNTIFS(Prüfanforderungen!$P$3:$P$181,$W51,Prüfanforderungen!$D$3:$D$181,"FFU/Fitting",Prüfanforderungen!$K$3:$K$181,">=0")=0,"Preis auf Anfrage",SUMIFS(Prüfanforderungen!$K$3:$K$181,Prüfanforderungen!$P$3:$P$181,$W51,Prüfanforderungen!$D$3:$D$181,"FFU/Fitting")) -> Preis auf Anfrage | S51: =IF(COUNTIFS(Prüfanforderungen!$P$3:$P$181,$W51,Prüfanforderungen!$D$3:$D$181,"NGO / StiWa",Prüfanforderungen!$K$3:$K$181,">=0")=0,"Preis auf Anfrage",SUMIFS(Prüfanforderungen!$K$3:$K$181,Prüfanforderungen!$P$3:$P$181,$W51,Prüfanforderungen!$D$3:$D$181,"NGO / StiWa")) -> Preis auf Anfrage | W51: beaa39e9-9d3c-4991-940d-7286cb9730e6
A52: Baumarkt | B52: Kohlegrills | C52: 370020 | D52: Kohlegrills | E52: =IF(COUNTIFS(Prüfanforderungen!$P$3:$P$181,$W52)=0,"keine Norm hinterlegt",IF($L52=0,"0 € hinterlegt","")) | F52: Nein | G52: 2 | I52: Nein | J52: Nein | K52: DIN EN 1860-1 | L52: =IF(COUNTIFS(Prüfanforderungen!$P$3:$P$181,$W52,Prüfanforderungen!$D$3:$D$181,"Sicherheit-/Normprüfung",Prüfanforderungen!$K$3:$K$181,">=0")=0,"Preis auf Anfrage",SUMIFS(Prüfanforderungen!$K$3:$K$181,Prüfanforderungen!$P$3:$P$181,$W52,Prüfanforderungen!$D$3:$D$181,"Sicherheit-/Normprüfung")) -> 1450 | N52: DIN EN 1860-1: Gasgeräteverordnung! CE-Zeichen! KE nötig. Prüfung über Asien | Für GS-Projekte EK-Beschlussliste EK5/AK8 beachten! | O52: 163_PPM_FFU | P52: =IF(COUNTIFS(Prüfanforderungen!$P$3:$P$181,$W52,Prüfanforderungen!$D$3:$D$181,"FFU/Fitting",Prüfanforderungen!$K$3:$K$181,">=0")=0,"Preis auf Anfrage",SUMIFS(Prüfanforderungen!$K$3:$K$181,Prüfanforderungen!$P$3:$P$181,$W52,Prüfanforderungen!$D$3:$D$181,"FFU/Fitting")) -> 820 | R52: StiWa 06/2014 | S52: =IF(COUNTIFS(Prüfanforderungen!$P$3:$P$181,$W52,Prüfanforderungen!$D$3:$D$181,"NGO / StiWa",Prüfanforderungen!$K$3:$K$181,">=0")=0,"Preis auf Anfrage",SUMIFS(Prüfanforderungen!$K$3:$K$181,Prüfanforderungen!$P$3:$P$181,$W52,Prüfanforderungen!$D$3:$D$181,"NGO / StiWa")) -> 2420 | U52: 1060 | V52: 1920 | W52: 660c69c6-7d1d-4dfb-b60b-8d0917855ea6
A53: Baumarkt | B53: Lacke | C53: 385020 | D53: Folien | E53: =IF(COUNTIFS(Prüfanforderungen!$P$3:$P$181,$W53)=0,"keine Norm hinterlegt",IF($L53=0,"0 € hinterlegt","")) | F53: Ja | I53: Nein | J53: Nein | K53: 102_PPM | L53: =IF(COUNTIFS(Prüfanforderungen!$P$3:$P$181,$W53,Prüfanforderungen!$D$3:$D$181,"Sicherheit-/Normprüfung",Prüfanforderungen!$K$3:$K$181,">=0")=0,"Preis auf Anfrage",SUMIFS(Prüfanforderungen!$K$3:$K$181,Prüfanforderungen!$P$3:$P$181,$W53,Prüfanforderungen!$D$3:$D$181,"Sicherheit-/Normprüfung")) -> 720 | N53: 102_PPM: PSA beachten! | ggf. EE | Multiwinkel / Lineal / Zollstock / usw. | nicht trivial, wenn Verwendung auf Herd möglich | HG | P53: =IF(COUNTIFS(Prüfanforderungen!$P$3:$P$181,$W53,Prüfanforderungen!$D$3:$D$181,"FFU/Fitting",Prüfanforderungen!$K$3:$K$181,">=0")=0,"Preis auf Anfrage",SUMIFS(Prüfanforderungen!$K$3:$K$181,Prüfanforderungen!$P$3:$P$181,$W53,Prüfanforderungen!$D$3:$D$181,"FFU/Fitting")) -> Preis auf Anfrage | S53: =IF(COUNTIFS(Prüfanforderungen!$P$3:$P$181,$W53,Prüfanforderungen!$D$3:$D$181,"NGO / StiWa",Prüfanforderungen!$K$3:$K$181,">=0")=0,"Preis auf Anfrage",SUMIFS(Prüfanforderungen!$K$3:$K$181,Prüfanforderungen!$P$3:$P$181,$W53,Prüfanforderungen!$D$3:$D$181,"NGO / StiWa")) -> Preis auf Anfrage | V53: 360 | W53: 14b8a7fd-5c96-4175-8e94-7de8d9b3a262
A54: Baumarkt | B54: Malerwerkzeug | C54: 385040 | D54: Auspresspistole | E54: =IF(COUNTIFS(Prüfanforderungen!$P$3:$P$181,$W54)=0,"keine Norm hinterlegt",IF($L54=0,"0 € hinterlegt","")) | F54: Nein | G54: 2 | I54: Nein | J54: Nein | K54: EK5/AK2 23-1-2023 | L54: =IF(COUNTIFS(Prüfanforderungen!$P$3:$P$181,$W54,Prüfanforderungen!$D$3:$D$181,"Sicherheit-/Normprüfung",Prüfanforderungen!$K$3:$K$181,">=0")=0,"Preis auf Anfrage",SUMIFS(Prüfanforderungen!$K$3:$K$181,Prüfanforderungen!$P$3:$P$181,$W54,Prüfanforderungen!$D$3:$D$181,"Sicherheit-/Normprüfung")) -> 900 | P54: =IF(COUNTIFS(Prüfanforderungen!$P$3:$P$181,$W54,Prüfanforderungen!$D$3:$D$181,"FFU/Fitting",Prüfanforderungen!$K$3:$K$181,">=0")=0,"Preis auf Anfrage",SUMIFS(Prüfanforderungen!$K$3:$K$181,Prüfanforderungen!$P$3:$P$181,$W54,Prüfanforderungen!$D$3:$D$181,"FFU/Fitting")) -> Preis auf Anfrage | S54: =IF(COUNTIFS(Prüfanforderungen!$P$3:$P$181,$W54,Prüfanforderungen!$D$3:$D$181,"NGO / StiWa",Prüfanforderungen!$K$3:$K$181,">=0")=0,"Preis auf Anfrage",SUMIFS(Prüfanforderungen!$K$3:$K$181,Prüfanforderungen!$P$3:$P$181,$W54,Prüfanforderungen!$D$3:$D$181,"NGO / StiWa")) -> Preis auf Anfrage | V54: 960 | W54: 9021c7d3-78d6-4804-9c18-6fa2689d006d
A55: Baumarkt | B55: Malerwerkzeug | C55: 385040 | D55: Klebeband | E55: =IF(COUNTIFS(Prüfanforderungen!$P$3:$P$181,$W55)=0,"keine Norm hinterlegt",IF($L55=0,"0 € hinterlegt","")) | F55: Ja | G55: 2 | I55: Nein | J55: Nein | K55: 102_PPM | L55: =IF(COUNTIFS(Prüfanforderungen!$P$3:$P$181,$W55,Prüfanforderungen!$D$3:$D$181,"Sicherheit-/Normprüfung",Prüfanforderungen!$K$3:$K$181,">=0")=0,"Preis auf Anfrage",SUMIFS(Prüfanforderungen!$K$3:$K$181,Prüfanforderungen!$P$3:$P$181,$W55,Prüfanforderungen!$D$3:$D$181,"Sicherheit-/Normprüfung")) -> 540 | N55: 102_PPM: PSA beachten! | ggf. EE | Multiwinkel / Lineal / Zollstock / usw. | nicht trivial, wenn Verwendung auf Herd möglich | HG | P55: =IF(COUNTIFS(Prüfanforderungen!$P$3:$P$181,$W55,Prüfanforderungen!$D$3:$D$181,"FFU/Fitting",Prüfanforderungen!$K$3:$K$181,">=0")=0,"Preis auf Anfrage",SUMIFS(Prüfanforderungen!$K$3:$K$181,Prüfanforderungen!$P$3:$P$181,$W55,Prüfanforderungen!$D$3:$D$181,"FFU/Fitting")) -> Preis auf Anfrage | S55: =IF(COUNTIFS(Prüfanforderungen!$P$3:$P$181,$W55,Prüfanforderungen!$D$3:$D$181,"NGO / StiWa",Prüfanforderungen!$K$3:$K$181,">=0")=0,"Preis auf Anfrage",SUMIFS(Prüfanforderungen!$K$3:$K$181,Prüfanforderungen!$P$3:$P$181,$W55,Prüfanforderungen!$D$3:$D$181,"NGO / StiWa")) -> Preis auf Anfrage | V55: 480 | W55: 6e42eca1-991e-4689-b51e-b5828cdff3b7
A56: Baumarkt | B56: Malerwerkzeug | C56: 385040 | D56: Malerpinsel | E56: =IF(COUNTIFS(Prüfanforderungen!$P$3:$P$181,$W56)=0,"keine Norm hinterlegt",IF($L56=0,"0 € hinterlegt","")) | F56: Ja | G56: 2 | I56: Nein | J56: Nein | K56: 102_PPM | L56: =IF(COUNTIFS(Prüfanforderungen!$P$3:$P$181,$W56,Prüfanforderungen!$D$3:$D$181,"Sicherheit-/Normprüfung",Prüfanforderungen!$K$3:$K$181,">=0")=0,"Preis auf Anfrage",SUMIFS(Prüfanforderungen!$K$3:$K$181,Prüfanforderungen!$P$3:$P$181,$W56,Prüfanforderungen!$D$3:$D$181,"Sicherheit-/Normprüfung")) -> 540 | N56: 102_PPM: PSA beachten! | ggf. EE | Multiwinkel / Lineal / Zollstock / usw. | nicht trivial, wenn Verwendung auf Herd möglich | HG | P56: =IF(COUNTIFS(Prüfanforderungen!$P$3:$P$181,$W56,Prüfanforderungen!$D$3:$D$181,"FFU/Fitting",Prüfanforderungen!$K$3:$K$181,">=0")=0,"Preis auf Anfrage",SUMIFS(Prüfanforderungen!$K$3:$K$181,Prüfanforderungen!$P$3:$P$181,$W56,Prüfanforderungen!$D$3:$D$181,"FFU/Fitting")) -> Preis auf Anfrage | S56: =IF(COUNTIFS(Prüfanforderungen!$P$3:$P$181,$W56,Prüfanforderungen!$D$3:$D$181,"NGO / StiWa",Prüfanforderungen!$K$3:$K$181,">=0")=0,"Preis auf Anfrage",SUMIFS(Prüfanforderungen!$K$3:$K$181,Prüfanforderungen!$P$3:$P$181,$W56,Prüfanforderungen!$D$3:$D$181,"NGO / StiWa")) -> Preis auf Anfrage | V56: 480 | W56: aea1883c-6b49-41b8-8497-acab5f224fd8
A57: Baumarkt | B57: Malerwerkzeug | C57: 385040 | D57: Vlies / Folie | E57: =IF(COUNTIFS(Prüfanforderungen!$P$3:$P$181,$W57)=0,"keine Norm hinterlegt",IF($L57=0,"0 € hinterlegt","")) -> 0 € hinterlegt | F57: Ja | G57: 2 | I57: Nein | J57: Nein | K57: 102_PPM | L57: =IF(COUNTIFS(Prüfanforderungen!$P$3:$P$181,$W57,Prüfanforderungen!$D$3:$D$181,"Sicherheit-/Normprüfung",Prüfanforderungen!$K$3:$K$181,">=0")=0,"Preis auf Anfrage",SUMIFS(Prüfanforderungen!$K$3:$K$181,Prüfanforderungen!$P$3:$P$181,$W57,Prüfanforderungen!$D$3:$D$181,"Sicherheit-/Normprüfung")) -> 0 | N57: 102_PPM: PSA beachten! | ggf. EE | Multiwinkel / Lineal / Zollstock / usw. | nicht trivial, wenn Verwendung auf Herd möglich | HG | P57: =IF(COUNTIFS(Prüfanforderungen!$P$3:$P$181,$W57,Prüfanforderungen!$D$3:$D$181,"FFU/Fitting",Prüfanforderungen!$K$3:$K$181,">=0")=0,"Preis auf Anfrage",SUMIFS(Prüfanforderungen!$K$3:$K$181,Prüfanforderungen!$P$3:$P$181,$W57,Prüfanforderungen!$D$3:$D$181,"FFU/Fitting")) -> Preis auf Anfrage | S57: =IF(COUNTIFS(Prüfanforderungen!$P$3:$P$181,$W57,Prüfanforderungen!$D$3:$D$181,"NGO / StiWa",Prüfanforderungen!$K$3:$K$181,">=0")=0,"Preis auf Anfrage",SUMIFS(Prüfanforderungen!$K$3:$K$181,Prüfanforderungen!$P$3:$P$181,$W57,Prüfanforderungen!$D$3:$D$181,"NGO / StiWa")) -> Preis auf Anfrage | V57: 480 | W57: c015c4f6-749b-4004-8b1b-35530e8b3cb9
A58: Baumarkt | B58: Pflanzgefäße u. Gewächshäuser | C58: 373010 | D58: Begehbares Gewächshaus | E58: =IF(COUNTIFS(Prüfanforderungen!$P$3:$P$181,$W58)=0,"keine Norm hinterlegt",IF($L58=0,"0 € hinterlegt","")) | F58: Nein | I58: Nein | J58: Nein | K58: EK5/AK8 12-03.1:2012 | L58: =IF(COUNTIFS(Prüfanforderungen!$P$3:$P$181,$W58,Prüfanforderungen!$D$3:$D$181,"Sicherheit-/Normprüfung",Prüfanforderungen!$K$3:$K$181,">=0")=0,"Preis auf Anfrage",SUMIFS(Prüfanforderungen!$K$3:$K$181,Prüfanforderungen!$P$3:$P$181,$W58,Prüfanforderungen!$D$3:$D$181,"Sicherheit-/Normprüfung")) -> 1080 | N58: EK5/AK8 12-03.1:2012: Herstellernachweis für tragende Kunststoffteile Der Kunststoff muss UV- und temperaturbeständig (min. 60°C) sein. Es wird ausschließlich ein Nachweis (z.B. Datenblatt etc.) vom Kunststoffhersteller akzeptiert. Korrosionsbeständigkeit Metalle müssen korrosionsgeschützt (Lackierung, Pulverbeschichtung, verzinkt) sein. Aluminium gilt als korrosionsbeständig. | P58: =IF(COUNTIFS(Prüfanforderungen!$P$3:$P$181,$W58,Prüfanforderungen!$D$3:$D$181,"FFU/Fitting",Prüfanforderungen!$K$3:$K$181,">=0")=0,"Preis auf Anfrage",SUMIFS(Prüfanforderungen!$K$3:$K$181,Prüfanforderungen!$P$3:$P$181,$W58,Prüfanforderungen!$D$3:$D$181,"FFU/Fitting")) -> Preis auf Anfrage | S58: =IF(COUNTIFS(Prüfanforderungen!$P$3:$P$181,$W58,Prüfanforderungen!$D$3:$D$181,"NGO / StiWa",Prüfanforderungen!$K$3:$K$181,">=0")=0,"Preis auf Anfrage",SUMIFS(Prüfanforderungen!$K$3:$K$181,Prüfanforderungen!$P$3:$P$181,$W58,Prüfanforderungen!$D$3:$D$181,"NGO / StiWa")) -> Preis auf Anfrage | V58: 960 | W58: 32f8ae9d-9b83-498b-9147-139715185e1c
A59: Baumarkt | B59: Pflanzgefäße u. Gewächshäuser | C59: 373010 | D59: Pflanztöpfe | E59: =IF(COUNTIFS(Prüfanforderungen!$P$3:$P$181,$W59)=0,"keine Norm hinterlegt",IF($L59=0,"0 € hinterlegt","")) | F59: Ja | I59: Nein | J59: Nein | K59: 102_PPM | L59: =IF(COUNTIFS(Prüfanforderungen!$P$3:$P$181,$W59,Prüfanforderungen!$D$3:$D$181,"Sicherheit-/Normprüfung",Prüfanforderungen!$K$3:$K$181,">=0")=0,"Preis auf Anfrage",SUMIFS(Prüfanforderungen!$K$3:$K$181,Prüfanforderungen!$P$3:$P$181,$W59,Prüfanforderungen!$D$3:$D$181,"Sicherheit-/Normprüfung")) -> 540 | N59: 102_PPM: PSA beachten! | ggf. EE | Multiwinkel / Lineal / Zollstock / usw. | nicht trivial, wenn Verwendung auf Herd möglich | HG | P59: =IF(COUNTIFS(Prüfanforderungen!$P$3:$P$181,$W59,Prüfanforderungen!$D$3:$D$181,"FFU/Fitting",Prüfanforderungen!$K$3:$K$181,">=0")=0,"Preis auf Anfrage",SUMIFS(Prüfanforderungen!$K$3:$K$181,Prüfanforderungen!$P$3:$P$181,$W59,Prüfanforderungen!$D$3:$D$181,"FFU/Fitting")) -> Preis auf Anfrage | S59: =IF(COUNTIFS(Prüfanforderungen!$P$3:$P$181,$W59,Prüfanforderungen!$D$3:$D$181,"NGO / StiWa",Prüfanforderungen!$K$3:$K$181,">=0")=0,"Preis auf Anfrage",SUMIFS(Prüfanforderungen!$K$3:$K$181,Prüfanforderungen!$P$3:$P$181,$W59,Prüfanforderungen!$D$3:$D$181,"NGO / StiWa")) -> Preis auf Anfrage | V59: 360 | W59: 44cc5293-dde9-479f-a966-32565bb99eaa
A60: Baumarkt | B60: Prüf- u. Messwerkzeuge | C60: 387150 | D60: Einfache Messinstrumente | E60: =IF(COUNTIFS(Prüfanforderungen!$P$3:$P$181,$W60)=0,"keine Norm hinterlegt",IF($L60=0,"0 € hinterlegt","")) -> 0 € hinterlegt | F60: Ja | G60: 2 | I60: Nein | J60: Nein | K60: 102_PPM | L60: =IF(COUNTIFS(Prüfanforderungen!$P$3:$P$181,$W60,Prüfanforderungen!$D$3:$D$181,"Sicherheit-/Normprüfung",Prüfanforderungen!$K$3:$K$181,">=0")=0,"Preis auf Anfrage",SUMIFS(Prüfanforderungen!$K$3:$K$181,Prüfanforderungen!$P$3:$P$181,$W60,Prüfanforderungen!$D$3:$D$181,"Sicherheit-/Normprüfung")) -> 0 | N60: 102_PPM: PSA beachten! | ggf. EE | Multiwinkel / Lineal / Zollstock / usw. | nicht trivial, wenn Verwendung auf Herd möglich | HG | P60: =IF(COUNTIFS(Prüfanforderungen!$P$3:$P$181,$W60,Prüfanforderungen!$D$3:$D$181,"FFU/Fitting",Prüfanforderungen!$K$3:$K$181,">=0")=0,"Preis auf Anfrage",SUMIFS(Prüfanforderungen!$K$3:$K$181,Prüfanforderungen!$P$3:$P$181,$W60,Prüfanforderungen!$D$3:$D$181,"FFU/Fitting")) -> Preis auf Anfrage | S60: =IF(COUNTIFS(Prüfanforderungen!$P$3:$P$181,$W60,Prüfanforderungen!$D$3:$D$181,"NGO / StiWa",Prüfanforderungen!$K$3:$K$181,">=0")=0,"Preis auf Anfrage",SUMIFS(Prüfanforderungen!$K$3:$K$181,Prüfanforderungen!$P$3:$P$181,$W60,Prüfanforderungen!$D$3:$D$181,"NGO / StiWa")) -> Preis auf Anfrage | V60: 480 | W60: 9ac9d0cb-db8d-4b7e-a57d-4d0a6677faa0
A61: Baumarkt | B61: Spann- u. Klemmwerkzeuge | C61: 387140 | D61: (Schraub-)Zwingen | E61: =IF(COUNTIFS(Prüfanforderungen!$P$3:$P$181,$W61)=0,"keine Norm hinterlegt",IF($L61=0,"0 € hinterlegt","")) -> 0 € hinterlegt | F61: Nein | G61: 2 | I61: Nein | J61: Nein | K61: DIN 5117 | L61: =IF(COUNTIFS(Prüfanforderungen!$P$3:$P$181,$W61,Prüfanforderungen!$D$3:$D$181,"Sicherheit-/Normprüfung",Prüfanforderungen!$K$3:$K$181,">=0")=0,"Preis auf Anfrage",SUMIFS(Prüfanforderungen!$K$3:$K$181,Prüfanforderungen!$P$3:$P$181,$W61,Prüfanforderungen!$D$3:$D$181,"Sicherheit-/Normprüfung")) -> 0 | P61: =IF(COUNTIFS(Prüfanforderungen!$P$3:$P$181,$W61,Prüfanforderungen!$D$3:$D$181,"FFU/Fitting",Prüfanforderungen!$K$3:$K$181,">=0")=0,"Preis auf Anfrage",SUMIFS(Prüfanforderungen!$K$3:$K$181,Prüfanforderungen!$P$3:$P$181,$W61,Prüfanforderungen!$D$3:$D$181,"FFU/Fitting")) -> Preis auf Anfrage | S61: =IF(COUNTIFS(Prüfanforderungen!$P$3:$P$181,$W61,Prüfanforderungen!$D$3:$D$181,"NGO / StiWa",Prüfanforderungen!$K$3:$K$181,">=0")=0,"Preis auf Anfrage",SUMIFS(Prüfanforderungen!$K$3:$K$181,Prüfanforderungen!$P$3:$P$181,$W61,Prüfanforderungen!$D$3:$D$181,"NGO / StiWa")) -> Preis auf Anfrage | U61: 600 | V61: 1200 | W61: 1520ab0e-ba50-46ce-bcc0-6af868f7f898
A62: Baumarkt | B62: Spann- u. Klemmwerkzeuge | C62: 387140 | D62: Einhandzwinge | E62: =IF(COUNTIFS(Prüfanforderungen!$P$3:$P$181,$W62)=0,"keine Norm hinterlegt",IF($L62=0,"0 € hinterlegt","")) -> 0 € hinterlegt | F62: Nein | G62: 3 | I62: Nein | J62: Nein | K62: EK5/AK2 18-01:2018 | L62: =IF(COUNTIFS(Prüfanforderungen!$P$3:$P$181,$W62,Prüfanforderungen!$D$3:$D$181,"Sicherheit-/Normprüfung",Prüfanforderungen!$K$3:$K$181,">=0")=0,"Preis auf Anfrage",SUMIFS(Prüfanforderungen!$K$3:$K$181,Prüfanforderungen!$P$3:$P$181,$W62,Prüfanforderungen!$D$3:$D$181,"Sicherheit-/Normprüfung")) -> 0 | P62: =IF(COUNTIFS(Prüfanforderungen!$P$3:$P$181,$W62,Prüfanforderungen!$D$3:$D$181,"FFU/Fitting",Prüfanforderungen!$K$3:$K$181,">=0")=0,"Preis auf Anfrage",SUMIFS(Prüfanforderungen!$K$3:$K$181,Prüfanforderungen!$P$3:$P$181,$W62,Prüfanforderungen!$D$3:$D$181,"FFU/Fitting")) -> Preis auf Anfrage | S62: =IF(COUNTIFS(Prüfanforderungen!$P$3:$P$181,$W62,Prüfanforderungen!$D$3:$D$181,"NGO / StiWa",Prüfanforderungen!$K$3:$K$181,">=0")=0,"Preis auf Anfrage",SUMIFS(Prüfanforderungen!$K$3:$K$181,Prüfanforderungen!$P$3:$P$181,$W62,Prüfanforderungen!$D$3:$D$181,"NGO / StiWa")) -> Preis auf Anfrage | V62: 960 | W62: 89b21373-b951-4dd9-9a89-ded09b6a459b
A63: Baumarkt | B63: Spann- u. Klemmwerkzeuge | C63: 387140 | D63: Rohrschraubzwinge | E63: =IF(COUNTIFS(Prüfanforderungen!$P$3:$P$181,$W63)=0,"keine Norm hinterlegt",IF($L63=0,"0 € hinterlegt","")) -> 0 € hinterlegt | F63: Nein | G63: 2 | I63: Nein | J63: Nein | K63: in Anlehnung an / according to EK5/AK2 18-01 | L63: =IF(COUNTIFS(Prüfanforderungen!$P$3:$P$181,$W63,Prüfanforderungen!$D$3:$D$181,"Sicherheit-/Normprüfung",Prüfanforderungen!$K$3:$K$181,">=0")=0,"Preis auf Anfrage",SUMIFS(Prüfanforderungen!$K$3:$K$181,Prüfanforderungen!$P$3:$P$181,$W63,Prüfanforderungen!$D$3:$D$181,"Sicherheit-/Normprüfung")) -> 0 | P63: =IF(COUNTIFS(Prüfanforderungen!$P$3:$P$181,$W63,Prüfanforderungen!$D$3:$D$181,"FFU/Fitting",Prüfanforderungen!$K$3:$K$181,">=0")=0,"Preis auf Anfrage",SUMIFS(Prüfanforderungen!$K$3:$K$181,Prüfanforderungen!$P$3:$P$181,$W63,Prüfanforderungen!$D$3:$D$181,"FFU/Fitting")) -> Preis auf Anfrage | S63: =IF(COUNTIFS(Prüfanforderungen!$P$3:$P$181,$W63,Prüfanforderungen!$D$3:$D$181,"NGO / StiWa",Prüfanforderungen!$K$3:$K$181,">=0")=0,"Preis auf Anfrage",SUMIFS(Prüfanforderungen!$K$3:$K$181,Prüfanforderungen!$P$3:$P$181,$W63,Prüfanforderungen!$D$3:$D$181,"NGO / StiWa")) -> Preis auf Anfrage | U63: 480 | V63: 960 | W63: f7faa0fd-2307-45d0-bd77-56bd7732b679
A64: Baumarkt | B64: Spann- u. Klemmwerkzeuge | C64: 387140 | D64: Schraubstock | E64: =IF(COUNTIFS(Prüfanforderungen!$P$3:$P$181,$W64)=0,"keine Norm hinterlegt",IF($L64=0,"0 € hinterlegt","")) -> 0 € hinterlegt | F64: Nein | G64: 2 | I64: Nein | J64: Nein | K64: PA 80-3-5.2 | L64: =IF(COUNTIFS(Prüfanforderungen!$P$3:$P$181,$W64,Prüfanforderungen!$D$3:$D$181,"Sicherheit-/Normprüfung",Prüfanforderungen!$K$3:$K$181,">=0")=0,"Preis auf Anfrage",SUMIFS(Prüfanforderungen!$K$3:$K$181,Prüfanforderungen!$P$3:$P$181,$W64,Prüfanforderungen!$D$3:$D$181,"Sicherheit-/Normprüfung")) -> 0 | O64: 515_PPM_FFU_REV_A_Schraubstock | P64: =IF(COUNTIFS(Prüfanforderungen!$P$3:$P$181,$W64,Prüfanforderungen!$D$3:$D$181,"FFU/Fitting",Prüfanforderungen!$K$3:$K$181,">=0")=0,"Preis auf Anfrage",SUMIFS(Prüfanforderungen!$K$3:$K$181,Prüfanforderungen!$P$3:$P$181,$W64,Prüfanforderungen!$D$3:$D$181,"FFU/Fitting")) -> 960 | S64: =IF(COUNTIFS(Prüfanforderungen!$P$3:$P$181,$W64,Prüfanforderungen!$D$3:$D$181,"NGO / StiWa",Prüfanforderungen!$K$3:$K$181,">=0")=0,"Preis auf Anfrage",SUMIFS(Prüfanforderungen!$K$3:$K$181,Prüfanforderungen!$P$3:$P$181,$W64,Prüfanforderungen!$D$3:$D$181,"NGO / StiWa")) -> Preis auf Anfrage | U64: 480 | V64: 960 | W64: e8a9e875-a7eb-453e-b894-b54ec0ca6afd
A65: Baumarkt | B65: Transport | C65: 387400 | D65: Hebeschlinge | E65: =IF(COUNTIFS(Prüfanforderungen!$P$3:$P$181,$W65)=0,"keine Norm hinterlegt",IF($L65=0,"0 € hinterlegt","")) -> keine Norm hinterlegt | F65: Nein | I65: Nein | J65: Nein | L65: =IF(COUNTIFS(Prüfanforderungen!$P$3:$P$181,$W65,Prüfanforderungen!$D$3:$D$181,"Sicherheit-/Normprüfung",Prüfanforderungen!$K$3:$K$181,">=0")=0,"Preis auf Anfrage",SUMIFS(Prüfanforderungen!$K$3:$K$181,Prüfanforderungen!$P$3:$P$181,$W65,Prüfanforderungen!$D$3:$D$181,"Sicherheit-/Normprüfung")) -> Preis auf Anfrage | P65: =IF(COUNTIFS(Prüfanforderungen!$P$3:$P$181,$W65,Prüfanforderungen!$D$3:$D$181,"FFU/Fitting",Prüfanforderungen!$K$3:$K$181,">=0")=0,"Preis auf Anfrage",SUMIFS(Prüfanforderungen!$K$3:$K$181,Prüfanforderungen!$P$3:$P$181,$W65,Prüfanforderungen!$D$3:$D$181,"FFU/Fitting")) -> Preis auf Anfrage | S65: =IF(COUNTIFS(Prüfanforderungen!$P$3:$P$181,$W65,Prüfanforderungen!$D$3:$D$181,"NGO / StiWa",Prüfanforderungen!$K$3:$K$181,">=0")=0,"Preis auf Anfrage",SUMIFS(Prüfanforderungen!$K$3:$K$181,Prüfanforderungen!$P$3:$P$181,$W65,Prüfanforderungen!$D$3:$D$181,"NGO / StiWa")) -> Preis auf Anfrage | W65: 3185b825-ba81-43e8-95b9-50c17273a864
A66: Baumarkt | B66: Transport | C66: 387400 | D66: Rollbrett | E66: =IF(COUNTIFS(Prüfanforderungen!$P$3:$P$181,$W66)=0,"keine Norm hinterlegt",IF($L66=0,"0 € hinterlegt","")) | F66: Nein | I66: Nein | J66: Nein | K66: EK5-AK5 14-04.0-2014 PfG Transportroller / Möbelroller | L66: =IF(COUNTIFS(Prüfanforderungen!$P$3:$P$181,$W66,Prüfanforderungen!$D$3:$D$181,"Sicherheit-/Normprüfung",Prüfanforderungen!$K$3:$K$181,">=0")=0,"Preis auf Anfrage",SUMIFS(Prüfanforderungen!$K$3:$K$181,Prüfanforderungen!$P$3:$P$181,$W66,Prüfanforderungen!$D$3:$D$181,"Sicherheit-/Normprüfung")) -> 900 | P66: =IF(COUNTIFS(Prüfanforderungen!$P$3:$P$181,$W66,Prüfanforderungen!$D$3:$D$181,"FFU/Fitting",Prüfanforderungen!$K$3:$K$181,">=0")=0,"Preis auf Anfrage",SUMIFS(Prüfanforderungen!$K$3:$K$181,Prüfanforderungen!$P$3:$P$181,$W66,Prüfanforderungen!$D$3:$D$181,"FFU/Fitting")) -> Preis auf Anfrage | S66: =IF(COUNTIFS(Prüfanforderungen!$P$3:$P$181,$W66,Prüfanforderungen!$D$3:$D$181,"NGO / StiWa",Prüfanforderungen!$K$3:$K$181,">=0")=0,"Preis auf Anfrage",SUMIFS(Prüfanforderungen!$K$3:$K$181,Prüfanforderungen!$P$3:$P$181,$W66,Prüfanforderungen!$D$3:$D$181,"NGO / StiWa")) -> Preis auf Anfrage | W66: 831bd402-2d0f-4cdf-832d-89778fa60026
A67: Baumarkt | B67: Transport | C67: 387400 | D67: Sackkarre | E67: =IF(COUNTIFS(Prüfanforderungen!$P$3:$P$181,$W67)=0,"keine Norm hinterlegt",IF($L67=0,"0 € hinterlegt","")) | F67: Nein | I67: Nein | J67: Nein | K67: EK5/AK5 06-01.3:2011 | L67: =IF(COUNTIFS(Prüfanforderungen!$P$3:$P$181,$W67,Prüfanforderungen!$D$3:$D$181,"Sicherheit-/Normprüfung",Prüfanforderungen!$K$3:$K$181,">=0")=0,"Preis auf Anfrage",SUMIFS(Prüfanforderungen!$K$3:$K$181,Prüfanforderungen!$P$3:$P$181,$W67,Prüfanforderungen!$D$3:$D$181,"Sicherheit-/Normprüfung")) -> 1450 | N67: EK5/AK5 06-01.3:2011: UV-Beständigkeit Tragende Teile aus Kunststoff Korrosion nach DIN EN ISO 6270-2, 5 Zyklen nicht erfordlerlich bei galvanisch- oder pulverbeschichteten Bauteilen | P67: =IF(COUNTIFS(Prüfanforderungen!$P$3:$P$181,$W67,Prüfanforderungen!$D$3:$D$181,"FFU/Fitting",Prüfanforderungen!$K$3:$K$181,">=0")=0,"Preis auf Anfrage",SUMIFS(Prüfanforderungen!$K$3:$K$181,Prüfanforderungen!$P$3:$P$181,$W67,Prüfanforderungen!$D$3:$D$181,"FFU/Fitting")) -> Preis auf Anfrage | S67: =IF(COUNTIFS(Prüfanforderungen!$P$3:$P$181,$W67,Prüfanforderungen!$D$3:$D$181,"NGO / StiWa",Prüfanforderungen!$K$3:$K$181,">=0")=0,"Preis auf Anfrage",SUMIFS(Prüfanforderungen!$K$3:$K$181,Prüfanforderungen!$P$3:$P$181,$W67,Prüfanforderungen!$D$3:$D$181,"NGO / StiWa")) -> Preis auf Anfrage | W67: ba1c79e4-1d42-4c25-bea6-b88255d3aa3d
A68: Baumarkt | B68: Türen u. Fenster | C68: 385310 | D68: Dichtungen | E68: =IF(COUNTIFS(Prüfanforderungen!$P$3:$P$181,$W68)=0,"keine Norm hinterlegt",IF($L68=0,"0 € hinterlegt","")) -> 0 € hinterlegt | F68: Ja | G68: 2 | I68: Nein | J68: Nein | K68: 102_PPM | L68: =IF(COUNTIFS(Prüfanforderungen!$P$3:$P$181,$W68,Prüfanforderungen!$D$3:$D$181,"Sicherheit-/Normprüfung",Prüfanforderungen!$K$3:$K$181,">=0")=0,"Preis auf Anfrage",SUMIFS(Prüfanforderungen!$K$3:$K$181,Prüfanforderungen!$P$3:$P$181,$W68,Prüfanforderungen!$D$3:$D$181,"Sicherheit-/Normprüfung")) -> 0 | N68: 102_PPM: PSA beachten! | ggf. EE | Multiwinkel / Lineal / Zollstock / usw. | nicht trivial, wenn Verwendung auf Herd möglich | HG | P68: =IF(COUNTIFS(Prüfanforderungen!$P$3:$P$181,$W68,Prüfanforderungen!$D$3:$D$181,"FFU/Fitting",Prüfanforderungen!$K$3:$K$181,">=0")=0,"Preis auf Anfrage",SUMIFS(Prüfanforderungen!$K$3:$K$181,Prüfanforderungen!$P$3:$P$181,$W68,Prüfanforderungen!$D$3:$D$181,"FFU/Fitting")) -> Preis auf Anfrage | S68: =IF(COUNTIFS(Prüfanforderungen!$P$3:$P$181,$W68,Prüfanforderungen!$D$3:$D$181,"NGO / StiWa",Prüfanforderungen!$K$3:$K$181,">=0")=0,"Preis auf Anfrage",SUMIFS(Prüfanforderungen!$K$3:$K$181,Prüfanforderungen!$P$3:$P$181,$W68,Prüfanforderungen!$D$3:$D$181,"NGO / StiWa")) -> Preis auf Anfrage | V68: 360 | W68: 60589dd0-2c5d-4e14-8643-e143313de16d
A69: Baumarkt | B69: Türen u. Fenster | C69: 385310 | D69: Filzgleiter | E69: =IF(COUNTIFS(Prüfanforderungen!$P$3:$P$181,$W69)=0,"keine Norm hinterlegt",IF($L69=0,"0 € hinterlegt","")) -> 0 € hinterlegt | F69: Ja | G69: 2 | I69: Nein | J69: Nein | K69: 102_PPM | L69: =IF(COUNTIFS(Prüfanforderungen!$P$3:$P$181,$W69,Prüfanforderungen!$D$3:$D$181,"Sicherheit-/Normprüfung",Prüfanforderungen!$K$3:$K$181,">=0")=0,"Preis auf Anfrage",SUMIFS(Prüfanforderungen!$K$3:$K$181,Prüfanforderungen!$P$3:$P$181,$W69,Prüfanforderungen!$D$3:$D$181,"Sicherheit-/Normprüfung")) -> 0 | N69: 102_PPM: PSA beachten! | ggf. EE | Multiwinkel / Lineal / Zollstock / usw. | nicht trivial, wenn Verwendung auf Herd möglich | HG | P69: =IF(COUNTIFS(Prüfanforderungen!$P$3:$P$181,$W69,Prüfanforderungen!$D$3:$D$181,"FFU/Fitting",Prüfanforderungen!$K$3:$K$181,">=0")=0,"Preis auf Anfrage",SUMIFS(Prüfanforderungen!$K$3:$K$181,Prüfanforderungen!$P$3:$P$181,$W69,Prüfanforderungen!$D$3:$D$181,"FFU/Fitting")) -> Preis auf Anfrage | S69: =IF(COUNTIFS(Prüfanforderungen!$P$3:$P$181,$W69,Prüfanforderungen!$D$3:$D$181,"NGO / StiWa",Prüfanforderungen!$K$3:$K$181,">=0")=0,"Preis auf Anfrage",SUMIFS(Prüfanforderungen!$K$3:$K$181,Prüfanforderungen!$P$3:$P$181,$W69,Prüfanforderungen!$D$3:$D$181,"NGO / StiWa")) -> Preis auf Anfrage | V69: 360 | W69: c0f794af-a9d8-4ba6-9ab2-6e5dbd0cbd13
A70: Baumarkt | B70: Werkstatt -Hartwaren (Sonstige) | C70: 387699 | D70: Arbeitsbock | E70: =IF(COUNTIFS(Prüfanforderungen!$P$3:$P$181,$W70)=0,"keine Norm hinterlegt",IF($L70=0,"0 € hinterlegt","")) -> keine Norm hinterlegt | F70: Nein | I70: Nein | J70: Nein | L70: =IF(COUNTIFS(Prüfanforderungen!$P$3:$P$181,$W70,Prüfanforderungen!$D$3:$D$181,"Sicherheit-/Normprüfung",Prüfanforderungen!$K$3:$K$181,">=0")=0,"Preis auf Anfrage",SUMIFS(Prüfanforderungen!$K$3:$K$181,Prüfanforderungen!$P$3:$P$181,$W70,Prüfanforderungen!$D$3:$D$181,"Sicherheit-/Normprüfung")) -> Preis auf Anfrage | P70: =IF(COUNTIFS(Prüfanforderungen!$P$3:$P$181,$W70,Prüfanforderungen!$D$3:$D$181,"FFU/Fitting",Prüfanforderungen!$K$3:$K$181,">=0")=0,"Preis auf Anfrage",SUMIFS(Prüfanforderungen!$K$3:$K$181,Prüfanforderungen!$P$3:$P$181,$W70,Prüfanforderungen!$D$3:$D$181,"FFU/Fitting")) -> Preis auf Anfrage | S70: =IF(COUNTIFS(Prüfanforderungen!$P$3:$P$181,$W70,Prüfanforderungen!$D$3:$D$181,"NGO / StiWa",Prüfanforderungen!$K$3:$K$181,">=0")=0,"Preis auf Anfrage",SUMIFS(Prüfanforderungen!$K$3:$K$181,Prüfanforderungen!$P$3:$P$181,$W70,Prüfanforderungen!$D$3:$D$181,"NGO / StiWa")) -> Preis auf Anfrage | W70: 228fcb3e-4727-45f0-8139-65455de2d802
A71: Baumarkt | B71: Werkstatt -Hartwaren (Sonstige) | C71: 387699 | D71: Deckenstütze | E71: =IF(COUNTIFS(Prüfanforderungen!$P$3:$P$181,$W71)=0,"keine Norm hinterlegt",IF($L71=0,"0 € hinterlegt","")) -> keine Norm hinterlegt | F71: Nein | I71: Nein | J71: Nein | L71: =IF(COUNTIFS(Prüfanforderungen!$P$3:$P$181,$W71,Prüfanforderungen!$D$3:$D$181,"Sicherheit-/Normprüfung",Prüfanforderungen!$K$3:$K$181,">=0")=0,"Preis auf Anfrage",SUMIFS(Prüfanforderungen!$K$3:$K$181,Prüfanforderungen!$P$3:$P$181,$W71,Prüfanforderungen!$D$3:$D$181,"Sicherheit-/Normprüfung")) -> Preis auf Anfrage | P71: =IF(COUNTIFS(Prüfanforderungen!$P$3:$P$181,$W71,Prüfanforderungen!$D$3:$D$181,"FFU/Fitting",Prüfanforderungen!$K$3:$K$181,">=0")=0,"Preis auf Anfrage",SUMIFS(Prüfanforderungen!$K$3:$K$181,Prüfanforderungen!$P$3:$P$181,$W71,Prüfanforderungen!$D$3:$D$181,"FFU/Fitting")) -> Preis auf Anfrage | S71: =IF(COUNTIFS(Prüfanforderungen!$P$3:$P$181,$W71,Prüfanforderungen!$D$3:$D$181,"NGO / StiWa",Prüfanforderungen!$K$3:$K$181,">=0")=0,"Preis auf Anfrage",SUMIFS(Prüfanforderungen!$K$3:$K$181,Prüfanforderungen!$P$3:$P$181,$W71,Prüfanforderungen!$D$3:$D$181,"NGO / StiWa")) -> Preis auf Anfrage | W71: 61ce52f0-2a7f-46b0-8020-af0e0c100616
A72: Baumarkt | B72: Werkstatt -Hartwaren (Sonstige) | C72: 387699 | D72: Einhand-Bügelsägen | E72: =IF(COUNTIFS(Prüfanforderungen!$P$3:$P$181,$W72)=0,"keine Norm hinterlegt",IF($L72=0,"0 € hinterlegt","")) | F72: Nein | I72: Nein | J72: Nein | K72: EK5/AK2 12-05:2012 | L72: =IF(COUNTIFS(Prüfanforderungen!$P$3:$P$181,$W72,Prüfanforderungen!$D$3:$D$181,"Sicherheit-/Normprüfung",Prüfanforderungen!$K$3:$K$181,">=0")=0,"Preis auf Anfrage",SUMIFS(Prüfanforderungen!$K$3:$K$181,Prüfanforderungen!$P$3:$P$181,$W72,Prüfanforderungen!$D$3:$D$181,"Sicherheit-/Normprüfung")) -> Preis auf Anfrage | O72: 519_PPM_FFU | P72: =IF(COUNTIFS(Prüfanforderungen!$P$3:$P$181,$W72,Prüfanforderungen!$D$3:$D$181,"FFU/Fitting",Prüfanforderungen!$K$3:$K$181,">=0")=0,"Preis auf Anfrage",SUMIFS(Prüfanforderungen!$K$3:$K$181,Prüfanforderungen!$P$3:$P$181,$W72,Prüfanforderungen!$D$3:$D$181,"FFU/Fitting")) -> Preis auf Anfrage | S72: =IF(COUNTIFS(Prüfanforderungen!$P$3:$P$181,$W72,Prüfanforderungen!$D$3:$D$181,"NGO / StiWa",Prüfanforderungen!$K$3:$K$181,">=0")=0,"Preis auf Anfrage",SUMIFS(Prüfanforderungen!$K$3:$K$181,Prüfanforderungen!$P$3:$P$181,$W72,Prüfanforderungen!$D$3:$D$181,"NGO / StiWa")) -> Preis auf Anfrage | W72: c45c9bf8-d97a-4474-bcf5-7f5c1cdc9063
A73: Baumarkt | B73: Werkstatt -Hartwaren (Sonstige) | C73: 387699 | D73: Gartensägen | E73: =IF(COUNTIFS(Prüfanforderungen!$P$3:$P$181,$W73)=0,"keine Norm hinterlegt",IF($L73=0,"0 € hinterlegt","")) | F73: Nein | I73: Nein | J73: Nein | K73: EK5/AK2 21-02:2021 | L73: =IF(COUNTIFS(Prüfanforderungen!$P$3:$P$181,$W73,Prüfanforderungen!$D$3:$D$181,"Sicherheit-/Normprüfung",Prüfanforderungen!$K$3:$K$181,">=0")=0,"Preis auf Anfrage",SUMIFS(Prüfanforderungen!$K$3:$K$181,Prüfanforderungen!$P$3:$P$181,$W73,Prüfanforderungen!$D$3:$D$181,"Sicherheit-/Normprüfung")) -> Preis auf Anfrage | O73: 519_PPM_FFU | P73: =IF(COUNTIFS(Prüfanforderungen!$P$3:$P$181,$W73,Prüfanforderungen!$D$3:$D$181,"FFU/Fitting",Prüfanforderungen!$K$3:$K$181,">=0")=0,"Preis auf Anfrage",SUMIFS(Prüfanforderungen!$K$3:$K$181,Prüfanforderungen!$P$3:$P$181,$W73,Prüfanforderungen!$D$3:$D$181,"FFU/Fitting")) -> Preis auf Anfrage | S73: =IF(COUNTIFS(Prüfanforderungen!$P$3:$P$181,$W73,Prüfanforderungen!$D$3:$D$181,"NGO / StiWa",Prüfanforderungen!$K$3:$K$181,">=0")=0,"Preis auf Anfrage",SUMIFS(Prüfanforderungen!$K$3:$K$181,Prüfanforderungen!$P$3:$P$181,$W73,Prüfanforderungen!$D$3:$D$181,"NGO / StiWa")) -> Preis auf Anfrage | W73: e2c6f052-8d8e-4677-bf66-dff70ec27329
A74: Baumarkt | B74: Werkstatt -Hartwaren (Sonstige) | C74: 387699 | D74: Gewindestangen | E74: =IF(COUNTIFS(Prüfanforderungen!$P$3:$P$181,$W74)=0,"keine Norm hinterlegt",IF($L74=0,"0 € hinterlegt","")) -> 0 € hinterlegt | F74: Ja | G74: 2 | I74: Nein | J74: Nein | K74: DIN 976-1 | L74: =IF(COUNTIFS(Prüfanforderungen!$P$3:$P$181,$W74,Prüfanforderungen!$D$3:$D$181,"Sicherheit-/Normprüfung",Prüfanforderungen!$K$3:$K$181,">=0")=0,"Preis auf Anfrage",SUMIFS(Prüfanforderungen!$K$3:$K$181,Prüfanforderungen!$P$3:$P$181,$W74,Prüfanforderungen!$D$3:$D$181,"Sicherheit-/Normprüfung")) -> 0 | P74: =IF(COUNTIFS(Prüfanforderungen!$P$3:$P$181,$W74,Prüfanforderungen!$D$3:$D$181,"FFU/Fitting",Prüfanforderungen!$K$3:$K$181,">=0")=0,"Preis auf Anfrage",SUMIFS(Prüfanforderungen!$K$3:$K$181,Prüfanforderungen!$P$3:$P$181,$W74,Prüfanforderungen!$D$3:$D$181,"FFU/Fitting")) -> Preis auf Anfrage | S74: =IF(COUNTIFS(Prüfanforderungen!$P$3:$P$181,$W74,Prüfanforderungen!$D$3:$D$181,"NGO / StiWa",Prüfanforderungen!$K$3:$K$181,">=0")=0,"Preis auf Anfrage",SUMIFS(Prüfanforderungen!$K$3:$K$181,Prüfanforderungen!$P$3:$P$181,$W74,Prüfanforderungen!$D$3:$D$181,"NGO / StiWa")) -> Preis auf Anfrage | V74: 460 | W74: 16f91cc1-3121-41bd-a337-6f21126f1f26
A75: Baumarkt | B75: Werkstatt -Hartwaren (Sonstige) | C75: 387699 | D75: Hammer | E75: =IF(COUNTIFS(Prüfanforderungen!$P$3:$P$181,$W75)=0,"keine Norm hinterlegt",IF($L75=0,"0 € hinterlegt","")) | F75: Nein | G75: , ergebnis ist | I75: Nein | J75: Nein | K75: DIN 1193 (Latthammer DIN 7239) (Schlosserhammer DIN 1041), (Maurerhammer DIN 5108), (Gummihammer DIN 5128), (Klauenhammer ???) (Holzstiel bis 2kg DIN 5111, Holzstiel über 2kg DIN 5112) (Holz- u Kunststoffstiele EK5 AK2 PA 80-8.1.1 2017-10) | L75: =IF(COUNTIFS(Prüfanforderungen!$P$3:$P$181,$W75,Prüfanforderungen!$D$3:$D$181,"Sicherheit-/Normprüfung",Prüfanforderungen!$K$3:$K$181,">=0")=0,"Preis auf Anfrage",SUMIFS(Prüfanforderungen!$K$3:$K$181,Prüfanforderungen!$P$3:$P$181,$W75,Prüfanforderungen!$D$3:$D$181,"Sicherheit-/Normprüfung")) -> 720 | P75: =IF(COUNTIFS(Prüfanforderungen!$P$3:$P$181,$W75,Prüfanforderungen!$D$3:$D$181,"FFU/Fitting",Prüfanforderungen!$K$3:$K$181,">=0")=0,"Preis auf Anfrage",SUMIFS(Prüfanforderungen!$K$3:$K$181,Prüfanforderungen!$P$3:$P$181,$W75,Prüfanforderungen!$D$3:$D$181,"FFU/Fitting")) -> Preis auf Anfrage | S75: =IF(COUNTIFS(Prüfanforderungen!$P$3:$P$181,$W75,Prüfanforderungen!$D$3:$D$181,"NGO / StiWa",Prüfanforderungen!$K$3:$K$181,">=0")=0,"Preis auf Anfrage",SUMIFS(Prüfanforderungen!$K$3:$K$181,Prüfanforderungen!$P$3:$P$181,$W75,Prüfanforderungen!$D$3:$D$181,"NGO / StiWa")) -> Preis auf Anfrage | V75: 540 | W75: e24abdab-c211-4a24-8d76-fb8450795d18
A76: Baumarkt | B76: Werkstatt -Hartwaren (Sonstige) | C76: 387699 | D76: Handmeißel | E76: =IF(COUNTIFS(Prüfanforderungen!$P$3:$P$181,$W76)=0,"keine Norm hinterlegt",IF($L76=0,"0 € hinterlegt","")) | F76: Nein | I76: Nein | J76: Nein | K76: EK5/AK2 23-02:2023 | L76: =IF(COUNTIFS(Prüfanforderungen!$P$3:$P$181,$W76,Prüfanforderungen!$D$3:$D$181,"Sicherheit-/Normprüfung",Prüfanforderungen!$K$3:$K$181,">=0")=0,"Preis auf Anfrage",SUMIFS(Prüfanforderungen!$K$3:$K$181,Prüfanforderungen!$P$3:$P$181,$W76,Prüfanforderungen!$D$3:$D$181,"Sicherheit-/Normprüfung")) -> Preis auf Anfrage | P76: =IF(COUNTIFS(Prüfanforderungen!$P$3:$P$181,$W76,Prüfanforderungen!$D$3:$D$181,"FFU/Fitting",Prüfanforderungen!$K$3:$K$181,">=0")=0,"Preis auf Anfrage",SUMIFS(Prüfanforderungen!$K$3:$K$181,Prüfanforderungen!$P$3:$P$181,$W76,Prüfanforderungen!$D$3:$D$181,"FFU/Fitting")) -> Preis auf Anfrage | S76: =IF(COUNTIFS(Prüfanforderungen!$P$3:$P$181,$W76,Prüfanforderungen!$D$3:$D$181,"NGO / StiWa",Prüfanforderungen!$K$3:$K$181,">=0")=0,"Preis auf Anfrage",SUMIFS(Prüfanforderungen!$K$3:$K$181,Prüfanforderungen!$P$3:$P$181,$W76,Prüfanforderungen!$D$3:$D$181,"NGO / StiWa")) -> Preis auf Anfrage | U76: 580 | W76: 2fc7efe5-d30e-4678-b6f7-b4a1e35e0970
A77: Baumarkt | B77: Werkstatt -Hartwaren (Sonstige) | C77: 387699 | D77: Handwerkzeuge | E77: =IF(COUNTIFS(Prüfanforderungen!$P$3:$P$181,$W77)=0,"keine Norm hinterlegt",IF($L77=0,"0 € hinterlegt","")) -> keine Norm hinterlegt | F77: Nein | I77: Nein | J77: Nein | L77: =IF(COUNTIFS(Prüfanforderungen!$P$3:$P$181,$W77,Prüfanforderungen!$D$3:$D$181,"Sicherheit-/Normprüfung",Prüfanforderungen!$K$3:$K$181,">=0")=0,"Preis auf Anfrage",SUMIFS(Prüfanforderungen!$K$3:$K$181,Prüfanforderungen!$P$3:$P$181,$W77,Prüfanforderungen!$D$3:$D$181,"Sicherheit-/Normprüfung")) -> Preis auf Anfrage | P77: =IF(COUNTIFS(Prüfanforderungen!$P$3:$P$181,$W77,Prüfanforderungen!$D$3:$D$181,"FFU/Fitting",Prüfanforderungen!$K$3:$K$181,">=0")=0,"Preis auf Anfrage",SUMIFS(Prüfanforderungen!$K$3:$K$181,Prüfanforderungen!$P$3:$P$181,$W77,Prüfanforderungen!$D$3:$D$181,"FFU/Fitting")) -> Preis auf Anfrage | S77: =IF(COUNTIFS(Prüfanforderungen!$P$3:$P$181,$W77,Prüfanforderungen!$D$3:$D$181,"NGO / StiWa",Prüfanforderungen!$K$3:$K$181,">=0")=0,"Preis auf Anfrage",SUMIFS(Prüfanforderungen!$K$3:$K$181,Prüfanforderungen!$P$3:$P$181,$W77,Prüfanforderungen!$D$3:$D$181,"NGO / StiWa")) -> Preis auf Anfrage | W77: 802988d7-5152-45dd-ae6c-a58f0f269582
A78: Baumarkt | B78: Werkstatt -Hartwaren (Sonstige) | C78: 387699 | D78: Japansäge | E78: =IF(COUNTIFS(Prüfanforderungen!$P$3:$P$181,$W78)=0,"keine Norm hinterlegt",IF($L78=0,"0 € hinterlegt","")) -> 0 € hinterlegt | F78: Nein | G78: 2 | I78: Nein | J78: Nein | K78: EK5/AK2 21-02:2021 inkl. Beschluss EK5/AK2 17/10-1 | L78: =IF(COUNTIFS(Prüfanforderungen!$P$3:$P$181,$W78,Prüfanforderungen!$D$3:$D$181,"Sicherheit-/Normprüfung",Prüfanforderungen!$K$3:$K$181,">=0")=0,"Preis auf Anfrage",SUMIFS(Prüfanforderungen!$K$3:$K$181,Prüfanforderungen!$P$3:$P$181,$W78,Prüfanforderungen!$D$3:$D$181,"Sicherheit-/Normprüfung")) -> 0 | O78: 516_PPM_FFU | P78: =IF(COUNTIFS(Prüfanforderungen!$P$3:$P$181,$W78,Prüfanforderungen!$D$3:$D$181,"FFU/Fitting",Prüfanforderungen!$K$3:$K$181,">=0")=0,"Preis auf Anfrage",SUMIFS(Prüfanforderungen!$K$3:$K$181,Prüfanforderungen!$P$3:$P$181,$W78,Prüfanforderungen!$D$3:$D$181,"FFU/Fitting")) -> 650 | S78: =IF(COUNTIFS(Prüfanforderungen!$P$3:$P$181,$W78,Prüfanforderungen!$D$3:$D$181,"NGO / StiWa",Prüfanforderungen!$K$3:$K$181,">=0")=0,"Preis auf Anfrage",SUMIFS(Prüfanforderungen!$K$3:$K$181,Prüfanforderungen!$P$3:$P$181,$W78,Prüfanforderungen!$D$3:$D$181,"NGO / StiWa")) -> Preis auf Anfrage | U78: 620 | V78: 1300 | W78: 0f670a2a-02ae-4081-ad6f-17ac6c74f9ce
A79: Baumarkt | B79: Werkstatt -Hartwaren (Sonstige) | C79: 387699 | D79: Schäkel | E79: =IF(COUNTIFS(Prüfanforderungen!$P$3:$P$181,$W79)=0,"keine Norm hinterlegt",IF($L79=0,"0 € hinterlegt","")) -> 0 € hinterlegt | F79: Ja | G79: 3 | I79: Nein | J79: Nein | K79: 102_PPM + Belastungsprüfung | L79: =IF(COUNTIFS(Prüfanforderungen!$P$3:$P$181,$W79,Prüfanforderungen!$D$3:$D$181,"Sicherheit-/Normprüfung",Prüfanforderungen!$K$3:$K$181,">=0")=0,"Preis auf Anfrage",SUMIFS(Prüfanforderungen!$K$3:$K$181,Prüfanforderungen!$P$3:$P$181,$W79,Prüfanforderungen!$D$3:$D$181,"Sicherheit-/Normprüfung")) -> 0 | P79: =IF(COUNTIFS(Prüfanforderungen!$P$3:$P$181,$W79,Prüfanforderungen!$D$3:$D$181,"FFU/Fitting",Prüfanforderungen!$K$3:$K$181,">=0")=0,"Preis auf Anfrage",SUMIFS(Prüfanforderungen!$K$3:$K$181,Prüfanforderungen!$P$3:$P$181,$W79,Prüfanforderungen!$D$3:$D$181,"FFU/Fitting")) -> Preis auf Anfrage | S79: =IF(COUNTIFS(Prüfanforderungen!$P$3:$P$181,$W79,Prüfanforderungen!$D$3:$D$181,"NGO / StiWa",Prüfanforderungen!$K$3:$K$181,">=0")=0,"Preis auf Anfrage",SUMIFS(Prüfanforderungen!$K$3:$K$181,Prüfanforderungen!$P$3:$P$181,$W79,Prüfanforderungen!$D$3:$D$181,"NGO / StiWa")) -> Preis auf Anfrage | V79: 720 | W79: d8ac1003-217b-4350-a948-18ff6c906461
A80: Baumarkt | B80: Werkstatt -Hartwaren (Sonstige) | C80: 387699 | D80: Seile | E80: =IF(COUNTIFS(Prüfanforderungen!$P$3:$P$181,$W80)=0,"keine Norm hinterlegt",IF($L80=0,"0 € hinterlegt","")) -> 0 € hinterlegt | F80: Ja | G80: 2 | I80: Nein | J80: Nein | K80: 102_PPM + Zugprüfung in Anlehnung an DIN EN ISO 2307 | L80: =IF(COUNTIFS(Prüfanforderungen!$P$3:$P$181,$W80,Prüfanforderungen!$D$3:$D$181,"Sicherheit-/Normprüfung",Prüfanforderungen!$K$3:$K$181,">=0")=0,"Preis auf Anfrage",SUMIFS(Prüfanforderungen!$K$3:$K$181,Prüfanforderungen!$P$3:$P$181,$W80,Prüfanforderungen!$D$3:$D$181,"Sicherheit-/Normprüfung")) -> 0 | P80: =IF(COUNTIFS(Prüfanforderungen!$P$3:$P$181,$W80,Prüfanforderungen!$D$3:$D$181,"FFU/Fitting",Prüfanforderungen!$K$3:$K$181,">=0")=0,"Preis auf Anfrage",SUMIFS(Prüfanforderungen!$K$3:$K$181,Prüfanforderungen!$P$3:$P$181,$W80,Prüfanforderungen!$D$3:$D$181,"FFU/Fitting")) -> Preis auf Anfrage | S80: =IF(COUNTIFS(Prüfanforderungen!$P$3:$P$181,$W80,Prüfanforderungen!$D$3:$D$181,"NGO / StiWa",Prüfanforderungen!$K$3:$K$181,">=0")=0,"Preis auf Anfrage",SUMIFS(Prüfanforderungen!$K$3:$K$181,Prüfanforderungen!$P$3:$P$181,$W80,Prüfanforderungen!$D$3:$D$181,"NGO / StiWa")) -> Preis auf Anfrage | V80: 520 | W80: 3d97ef93-c603-4463-a7eb-721951311df3
A81: Baumarkt | B81: Werkstatt -Hartwaren (Sonstige) | C81: 387699 | D81: Seilwinde / Seilzug | E81: =IF(COUNTIFS(Prüfanforderungen!$P$3:$P$181,$W81)=0,"keine Norm hinterlegt",IF($L81=0,"0 € hinterlegt","")) -> keine Norm hinterlegt | F81: Nein | I81: Nein | J81: Nein | L81: =IF(COUNTIFS(Prüfanforderungen!$P$3:$P$181,$W81,Prüfanforderungen!$D$3:$D$181,"Sicherheit-/Normprüfung",Prüfanforderungen!$K$3:$K$181,">=0")=0,"Preis auf Anfrage",SUMIFS(Prüfanforderungen!$K$3:$K$181,Prüfanforderungen!$P$3:$P$181,$W81,Prüfanforderungen!$D$3:$D$181,"Sicherheit-/Normprüfung")) -> Preis auf Anfrage | P81: =IF(COUNTIFS(Prüfanforderungen!$P$3:$P$181,$W81,Prüfanforderungen!$D$3:$D$181,"FFU/Fitting",Prüfanforderungen!$K$3:$K$181,">=0")=0,"Preis auf Anfrage",SUMIFS(Prüfanforderungen!$K$3:$K$181,Prüfanforderungen!$P$3:$P$181,$W81,Prüfanforderungen!$D$3:$D$181,"FFU/Fitting")) -> Preis auf Anfrage | S81: =IF(COUNTIFS(Prüfanforderungen!$P$3:$P$181,$W81,Prüfanforderungen!$D$3:$D$181,"NGO / StiWa",Prüfanforderungen!$K$3:$K$181,">=0")=0,"Preis auf Anfrage",SUMIFS(Prüfanforderungen!$K$3:$K$181,Prüfanforderungen!$P$3:$P$181,$W81,Prüfanforderungen!$D$3:$D$181,"NGO / StiWa")) -> Preis auf Anfrage | W81: 09c040ba-60ae-40cc-aa08-9f811dd5e212
A82: Baumarkt | B82: Werkstatt -Hartwaren (Sonstige) | C82: 387699 | D82: Spachtel | E82: =IF(COUNTIFS(Prüfanforderungen!$P$3:$P$181,$W82)=0,"keine Norm hinterlegt",IF($L82=0,"0 € hinterlegt","")) | F82: Nein | I82: Nein | J82: Nein | K82: 102_PPM in Anlehnung an EK5.2 PA 80-4.2.1 -> Punkt 2 -> Punkt 3 (ohne 3.6) -> Punkt 4.1 | L82: =IF(COUNTIFS(Prüfanforderungen!$P$3:$P$181,$W82,Prüfanforderungen!$D$3:$D$181,"Sicherheit-/Normprüfung",Prüfanforderungen!$K$3:$K$181,">=0")=0,"Preis auf Anfrage",SUMIFS(Prüfanforderungen!$K$3:$K$181,Prüfanforderungen!$P$3:$P$181,$W82,Prüfanforderungen!$D$3:$D$181,"Sicherheit-/Normprüfung")) -> 520 | N82: 102_PPM in Anlehnung an EK5.2 PA 80-4.2.1 -> Punkt 2 -> Punkt 3 (ohne 3.6) -> Punkt 4.1: ggf. Auslobung nach DIN 6439 DIN 6440 & DIN 6441 DIN 7216 | P82: =IF(COUNTIFS(Prüfanforderungen!$P$3:$P$181,$W82,Prüfanforderungen!$D$3:$D$181,"FFU/Fitting",Prüfanforderungen!$K$3:$K$181,">=0")=0,"Preis auf Anfrage",SUMIFS(Prüfanforderungen!$K$3:$K$181,Prüfanforderungen!$P$3:$P$181,$W82,Prüfanforderungen!$D$3:$D$181,"FFU/Fitting")) -> Preis auf Anfrage | S82: =IF(COUNTIFS(Prüfanforderungen!$P$3:$P$181,$W82,Prüfanforderungen!$D$3:$D$181,"NGO / StiWa",Prüfanforderungen!$K$3:$K$181,">=0")=0,"Preis auf Anfrage",SUMIFS(Prüfanforderungen!$K$3:$K$181,Prüfanforderungen!$P$3:$P$181,$W82,Prüfanforderungen!$D$3:$D$181,"NGO / StiWa")) -> Preis auf Anfrage | W82: 5ce3cc6f-4fb1-4d73-a533-ffc0f8a17374
A83: Baumarkt | B83: Werkstatt -Hartwaren (Sonstige) | C83: 387699 | D83: Triviale Artikel | E83: =IF(COUNTIFS(Prüfanforderungen!$P$3:$P$181,$W83)=0,"keine Norm hinterlegt",IF($L83=0,"0 € hinterlegt","")) -> keine Norm hinterlegt | F83: Nein | I83: Nein | J83: Nein | L83: =IF(COUNTIFS(Prüfanforderungen!$P$3:$P$181,$W83,Prüfanforderungen!$D$3:$D$181,"Sicherheit-/Normprüfung",Prüfanforderungen!$K$3:$K$181,">=0")=0,"Preis auf Anfrage",SUMIFS(Prüfanforderungen!$K$3:$K$181,Prüfanforderungen!$P$3:$P$181,$W83,Prüfanforderungen!$D$3:$D$181,"Sicherheit-/Normprüfung")) -> Preis auf Anfrage | P83: =IF(COUNTIFS(Prüfanforderungen!$P$3:$P$181,$W83,Prüfanforderungen!$D$3:$D$181,"FFU/Fitting",Prüfanforderungen!$K$3:$K$181,">=0")=0,"Preis auf Anfrage",SUMIFS(Prüfanforderungen!$K$3:$K$181,Prüfanforderungen!$P$3:$P$181,$W83,Prüfanforderungen!$D$3:$D$181,"FFU/Fitting")) -> Preis auf Anfrage | S83: =IF(COUNTIFS(Prüfanforderungen!$P$3:$P$181,$W83,Prüfanforderungen!$D$3:$D$181,"NGO / StiWa",Prüfanforderungen!$K$3:$K$181,">=0")=0,"Preis auf Anfrage",SUMIFS(Prüfanforderungen!$K$3:$K$181,Prüfanforderungen!$P$3:$P$181,$W83,Prüfanforderungen!$D$3:$D$181,"NGO / StiWa")) -> Preis auf Anfrage | W83: c9a558c4-8374-46b1-85c6-91ce1eb6b869
A84: Baumarkt | B84: Werkzeugaufbewahrung | C84: 387200 | D84: Arbeitsbock | E84: =IF(COUNTIFS(Prüfanforderungen!$P$3:$P$181,$W84)=0,"keine Norm hinterlegt",IF($L84=0,"0 € hinterlegt","")) -> keine Norm hinterlegt | F84: Nein | I84: Nein | J84: Nein | L84: =IF(COUNTIFS(Prüfanforderungen!$P$3:$P$181,$W84,Prüfanforderungen!$D$3:$D$181,"Sicherheit-/Normprüfung",Prüfanforderungen!$K$3:$K$181,">=0")=0,"Preis auf Anfrage",SUMIFS(Prüfanforderungen!$K$3:$K$181,Prüfanforderungen!$P$3:$P$181,$W84,Prüfanforderungen!$D$3:$D$181,"Sicherheit-/Normprüfung")) -> Preis auf Anfrage | P84: =IF(COUNTIFS(Prüfanforderungen!$P$3:$P$181,$W84,Prüfanforderungen!$D$3:$D$181,"FFU/Fitting",Prüfanforderungen!$K$3:$K$181,">=0")=0,"Preis auf Anfrage",SUMIFS(Prüfanforderungen!$K$3:$K$181,Prüfanforderungen!$P$3:$P$181,$W84,Prüfanforderungen!$D$3:$D$181,"FFU/Fitting")) -> Preis auf Anfrage | S84: =IF(COUNTIFS(Prüfanforderungen!$P$3:$P$181,$W84,Prüfanforderungen!$D$3:$D$181,"NGO / StiWa",Prüfanforderungen!$K$3:$K$181,">=0")=0,"Preis auf Anfrage",SUMIFS(Prüfanforderungen!$K$3:$K$181,Prüfanforderungen!$P$3:$P$181,$W84,Prüfanforderungen!$D$3:$D$181,"NGO / StiWa")) -> Preis auf Anfrage | W84: 382b3651-d664-40ac-9351-fa12a3e70650
A85: Baumarkt | B85: Werkzeugaufbewahrung | C85: 387200 | D85: Boxen | E85: =IF(COUNTIFS(Prüfanforderungen!$P$3:$P$181,$W85)=0,"keine Norm hinterlegt",IF($L85=0,"0 € hinterlegt","")) -> 0 € hinterlegt | F85: Ja | I85: Nein | J85: Nein | K85: 102_PPM | L85: =IF(COUNTIFS(Prüfanforderungen!$P$3:$P$181,$W85,Prüfanforderungen!$D$3:$D$181,"Sicherheit-/Normprüfung",Prüfanforderungen!$K$3:$K$181,">=0")=0,"Preis auf Anfrage",SUMIFS(Prüfanforderungen!$K$3:$K$181,Prüfanforderungen!$P$3:$P$181,$W85,Prüfanforderungen!$D$3:$D$181,"Sicherheit-/Normprüfung")) -> 0 | N85: 102_PPM: PSA beachten! | ggf. EE | Multiwinkel / Lineal / Zollstock / usw. | nicht trivial, wenn Verwendung auf Herd möglich | HG | P85: =IF(COUNTIFS(Prüfanforderungen!$P$3:$P$181,$W85,Prüfanforderungen!$D$3:$D$181,"FFU/Fitting",Prüfanforderungen!$K$3:$K$181,">=0")=0,"Preis auf Anfrage",SUMIFS(Prüfanforderungen!$K$3:$K$181,Prüfanforderungen!$P$3:$P$181,$W85,Prüfanforderungen!$D$3:$D$181,"FFU/Fitting")) -> Preis auf Anfrage | S85: =IF(COUNTIFS(Prüfanforderungen!$P$3:$P$181,$W85,Prüfanforderungen!$D$3:$D$181,"NGO / StiWa",Prüfanforderungen!$K$3:$K$181,">=0")=0,"Preis auf Anfrage",SUMIFS(Prüfanforderungen!$K$3:$K$181,Prüfanforderungen!$P$3:$P$181,$W85,Prüfanforderungen!$D$3:$D$181,"NGO / StiWa")) -> Preis auf Anfrage | W85: 44d97eb2-8265-476e-94a7-f01cf9b44d48
A86: Baumarkt | B86: Werkzeugaufbewahrung | C86: 387200 | D86: Magnete | E86: =IF(COUNTIFS(Prüfanforderungen!$P$3:$P$181,$W86)=0,"keine Norm hinterlegt",IF($L86=0,"0 € hinterlegt","")) -> 0 € hinterlegt | F86: Ja | I86: Nein | J86: Nein | K86: 102_PPM | L86: =IF(COUNTIFS(Prüfanforderungen!$P$3:$P$181,$W86,Prüfanforderungen!$D$3:$D$181,"Sicherheit-/Normprüfung",Prüfanforderungen!$K$3:$K$181,">=0")=0,"Preis auf Anfrage",SUMIFS(Prüfanforderungen!$K$3:$K$181,Prüfanforderungen!$P$3:$P$181,$W86,Prüfanforderungen!$D$3:$D$181,"Sicherheit-/Normprüfung")) -> 0 | N86: 102_PPM: PSA beachten! | ggf. EE | Multiwinkel / Lineal / Zollstock / usw. | nicht trivial, wenn Verwendung auf Herd möglich | HG | P86: =IF(COUNTIFS(Prüfanforderungen!$P$3:$P$181,$W86,Prüfanforderungen!$D$3:$D$181,"FFU/Fitting",Prüfanforderungen!$K$3:$K$181,">=0")=0,"Preis auf Anfrage",SUMIFS(Prüfanforderungen!$K$3:$K$181,Prüfanforderungen!$P$3:$P$181,$W86,Prüfanforderungen!$D$3:$D$181,"FFU/Fitting")) -> Preis auf Anfrage | S86: =IF(COUNTIFS(Prüfanforderungen!$P$3:$P$181,$W86,Prüfanforderungen!$D$3:$D$181,"NGO / StiWa",Prüfanforderungen!$K$3:$K$181,">=0")=0,"Preis auf Anfrage",SUMIFS(Prüfanforderungen!$K$3:$K$181,Prüfanforderungen!$P$3:$P$181,$W86,Prüfanforderungen!$D$3:$D$181,"NGO / StiWa")) -> Preis auf Anfrage | V86: 480 | W86: 31f988d5-1e43-4eff-8536-3501004e8784
A87: Baumarkt | B87: Werkzeugaufbewahrung | C87: 387200 | D87: Magnetwerkzeugset mit LED-Lampe | E87: =IF(COUNTIFS(Prüfanforderungen!$P$3:$P$181,$W87)=0,"keine Norm hinterlegt",IF($L87=0,"0 € hinterlegt","")) -> 0 € hinterlegt | F87: Nein | G87: 3 | I87: Nein | J87: Nein | K87: Sicherheit- / Normprüfung / Laborprüfzeit 300 min. risikobasierte Teilprüfung nach 0100_PPM 750€ - Kurzschluss - Erwärmung - Mech. Festigkeit - Zugägnlichkeit der Knopfzellen - etc. Sicherheit- / Normprüfung / Laborprüfzeit 270 min. 102_PPM Mechanische Sicherheit 660€ | L87: =IF(COUNTIFS(Prüfanforderungen!$P$3:$P$181,$W87,Prüfanforderungen!$D$3:$D$181,"Sicherheit-/Normprüfung",Prüfanforderungen!$K$3:$K$181,">=0")=0,"Preis auf Anfrage",SUMIFS(Prüfanforderungen!$K$3:$K$181,Prüfanforderungen!$P$3:$P$181,$W87,Prüfanforderungen!$D$3:$D$181,"Sicherheit-/Normprüfung")) -> 0 | N87: Sicherheit- / Normprüfung / Laborprüfzeit 300 min. risikobasierte Teilprüfung nach 0100_PPM 750€ - Kurzschluss - Erwärmung - Mech. Festigkeit - Zugägnlichkeit der Knopfzellen - etc. Sicherheit- / Normprüfung / Laborprüfzeit 270 min. 102_PPM Mechanische Sicherheit 660€: EE | P87: =IF(COUNTIFS(Prüfanforderungen!$P$3:$P$181,$W87,Prüfanforderungen!$D$3:$D$181,"FFU/Fitting",Prüfanforderungen!$K$3:$K$181,">=0")=0,"Preis auf Anfrage",SUMIFS(Prüfanforderungen!$K$3:$K$181,Prüfanforderungen!$P$3:$P$181,$W87,Prüfanforderungen!$D$3:$D$181,"FFU/Fitting")) -> Preis auf Anfrage | S87: =IF(COUNTIFS(Prüfanforderungen!$P$3:$P$181,$W87,Prüfanforderungen!$D$3:$D$181,"NGO / StiWa",Prüfanforderungen!$K$3:$K$181,">=0")=0,"Preis auf Anfrage",SUMIFS(Prüfanforderungen!$K$3:$K$181,Prüfanforderungen!$P$3:$P$181,$W87,Prüfanforderungen!$D$3:$D$181,"NGO / StiWa")) -> Preis auf Anfrage | U87: 1410 | W87: 70f986f3-bdaf-43db-922b-dd329bac3471
A88: Baumarkt | B88: Werkzeugaufbewahrung | C88: 387200 | D88: Sortimentsbox | E88: =IF(COUNTIFS(Prüfanforderungen!$P$3:$P$181,$W88)=0,"keine Norm hinterlegt",IF($L88=0,"0 € hinterlegt","")) -> 0 € hinterlegt | F88: Ja | I88: Nein | J88: Nein | K88: 102_PPM | L88: =IF(COUNTIFS(Prüfanforderungen!$P$3:$P$181,$W88,Prüfanforderungen!$D$3:$D$181,"Sicherheit-/Normprüfung",Prüfanforderungen!$K$3:$K$181,">=0")=0,"Preis auf Anfrage",SUMIFS(Prüfanforderungen!$K$3:$K$181,Prüfanforderungen!$P$3:$P$181,$W88,Prüfanforderungen!$D$3:$D$181,"Sicherheit-/Normprüfung")) -> 0 | N88: 102_PPM: PSA beachten! | ggf. EE | Multiwinkel / Lineal / Zollstock / usw. | nicht trivial, wenn Verwendung auf Herd möglich | HG | P88: =IF(COUNTIFS(Prüfanforderungen!$P$3:$P$181,$W88,Prüfanforderungen!$D$3:$D$181,"FFU/Fitting",Prüfanforderungen!$K$3:$K$181,">=0")=0,"Preis auf Anfrage",SUMIFS(Prüfanforderungen!$K$3:$K$181,Prüfanforderungen!$P$3:$P$181,$W88,Prüfanforderungen!$D$3:$D$181,"FFU/Fitting")) -> Preis auf Anfrage | S88: =IF(COUNTIFS(Prüfanforderungen!$P$3:$P$181,$W88,Prüfanforderungen!$D$3:$D$181,"NGO / StiWa",Prüfanforderungen!$K$3:$K$181,">=0")=0,"Preis auf Anfrage",SUMIFS(Prüfanforderungen!$K$3:$K$181,Prüfanforderungen!$P$3:$P$181,$W88,Prüfanforderungen!$D$3:$D$181,"NGO / StiWa")) -> Preis auf Anfrage | W88: 4a69d573-f0b4-4f35-917e-1662e65a492d
A89: Baumarkt | B89: Zubehör Anzucht u. Bepflanzung | C89: 373020 | D89: Pflanzenschutz | E89: =IF(COUNTIFS(Prüfanforderungen!$P$3:$P$181,$W89)=0,"keine Norm hinterlegt",IF($L89=0,"0 € hinterlegt","")) | F89: Ja | I89: Nein | J89: Nein | K89: 102_PPM | L89: =IF(COUNTIFS(Prüfanforderungen!$P$3:$P$181,$W89,Prüfanforderungen!$D$3:$D$181,"Sicherheit-/Normprüfung",Prüfanforderungen!$K$3:$K$181,">=0")=0,"Preis auf Anfrage",SUMIFS(Prüfanforderungen!$K$3:$K$181,Prüfanforderungen!$P$3:$P$181,$W89,Prüfanforderungen!$D$3:$D$181,"Sicherheit-/Normprüfung")) -> 720 | N89: 102_PPM: PSA beachten! | ggf. EE | Multiwinkel / Lineal / Zollstock / usw. | nicht trivial, wenn Verwendung auf Herd möglich | HG | P89: =IF(COUNTIFS(Prüfanforderungen!$P$3:$P$181,$W89,Prüfanforderungen!$D$3:$D$181,"FFU/Fitting",Prüfanforderungen!$K$3:$K$181,">=0")=0,"Preis auf Anfrage",SUMIFS(Prüfanforderungen!$K$3:$K$181,Prüfanforderungen!$P$3:$P$181,$W89,Prüfanforderungen!$D$3:$D$181,"FFU/Fitting")) -> Preis auf Anfrage | S89: =IF(COUNTIFS(Prüfanforderungen!$P$3:$P$181,$W89,Prüfanforderungen!$D$3:$D$181,"NGO / StiWa",Prüfanforderungen!$K$3:$K$181,">=0")=0,"Preis auf Anfrage",SUMIFS(Prüfanforderungen!$K$3:$K$181,Prüfanforderungen!$P$3:$P$181,$W89,Prüfanforderungen!$D$3:$D$181,"NGO / StiWa")) -> Preis auf Anfrage | V89: 360 | W89: 1ddb8caa-0d6e-4787-8475-a830c90c325f
A90: Haushalt/Beauty | B90: Kompressen u. Verbandsmaterial | C90: 326110 | D90: Autoverbandstasche | E90: =IF(COUNTIFS(Prüfanforderungen!$P$3:$P$181,$W90)=0,"keine Norm hinterlegt",IF($L90=0,"0 € hinterlegt","")) -> keine Norm hinterlegt | F90: Nein | I90: Nein | J90: Nein | L90: =IF(COUNTIFS(Prüfanforderungen!$P$3:$P$181,$W90,Prüfanforderungen!$D$3:$D$181,"Sicherheit-/Normprüfung",Prüfanforderungen!$K$3:$K$181,">=0")=0,"Preis auf Anfrage",SUMIFS(Prüfanforderungen!$K$3:$K$181,Prüfanforderungen!$P$3:$P$181,$W90,Prüfanforderungen!$D$3:$D$181,"Sicherheit-/Normprüfung")) -> Preis auf Anfrage | P90: =IF(COUNTIFS(Prüfanforderungen!$P$3:$P$181,$W90,Prüfanforderungen!$D$3:$D$181,"FFU/Fitting",Prüfanforderungen!$K$3:$K$181,">=0")=0,"Preis auf Anfrage",SUMIFS(Prüfanforderungen!$K$3:$K$181,Prüfanforderungen!$P$3:$P$181,$W90,Prüfanforderungen!$D$3:$D$181,"FFU/Fitting")) -> Preis auf Anfrage | S90: =IF(COUNTIFS(Prüfanforderungen!$P$3:$P$181,$W90,Prüfanforderungen!$D$3:$D$181,"NGO / StiWa",Prüfanforderungen!$K$3:$K$181,">=0")=0,"Preis auf Anfrage",SUMIFS(Prüfanforderungen!$K$3:$K$181,Prüfanforderungen!$P$3:$P$181,$W90,Prüfanforderungen!$D$3:$D$181,"NGO / StiWa")) -> Preis auf Anfrage | W90: 473be8f7-8e74-428d-ab30-60d7886b8ec6
A91: Haushalt/Beauty | B91: Kompressen u. Verbandsmaterial | C91: 326110 | D91: Binden und Bandagen | E91: =IF(COUNTIFS(Prüfanforderungen!$P$3:$P$181,$W91)=0,"keine Norm hinterlegt",IF($L91=0,"0 € hinterlegt","")) -> keine Norm hinterlegt | F91: Nein | I91: Nein | J91: Nein | L91: =IF(COUNTIFS(Prüfanforderungen!$P$3:$P$181,$W91,Prüfanforderungen!$D$3:$D$181,"Sicherheit-/Normprüfung",Prüfanforderungen!$K$3:$K$181,">=0")=0,"Preis auf Anfrage",SUMIFS(Prüfanforderungen!$K$3:$K$181,Prüfanforderungen!$P$3:$P$181,$W91,Prüfanforderungen!$D$3:$D$181,"Sicherheit-/Normprüfung")) -> Preis auf Anfrage | P91: =IF(COUNTIFS(Prüfanforderungen!$P$3:$P$181,$W91,Prüfanforderungen!$D$3:$D$181,"FFU/Fitting",Prüfanforderungen!$K$3:$K$181,">=0")=0,"Preis auf Anfrage",SUMIFS(Prüfanforderungen!$K$3:$K$181,Prüfanforderungen!$P$3:$P$181,$W91,Prüfanforderungen!$D$3:$D$181,"FFU/Fitting")) -> Preis auf Anfrage | S91: =IF(COUNTIFS(Prüfanforderungen!$P$3:$P$181,$W91,Prüfanforderungen!$D$3:$D$181,"NGO / StiWa",Prüfanforderungen!$K$3:$K$181,">=0")=0,"Preis auf Anfrage",SUMIFS(Prüfanforderungen!$K$3:$K$181,Prüfanforderungen!$P$3:$P$181,$W91,Prüfanforderungen!$D$3:$D$181,"NGO / StiWa")) -> Preis auf Anfrage | W91: 330d540d-2a9d-4059-a001-72f1c2e3843e
A92: Haushalt/Beauty | B92: Kompressen u. Verbandsmaterial | C92: 326110 | D92: Wärme- / Kältekompressen | E92: =IF(COUNTIFS(Prüfanforderungen!$P$3:$P$181,$W92)=0,"keine Norm hinterlegt",IF($L92=0,"0 € hinterlegt","")) -> keine Norm hinterlegt | F92: Nein | I92: Nein | J92: Nein | L92: =IF(COUNTIFS(Prüfanforderungen!$P$3:$P$181,$W92,Prüfanforderungen!$D$3:$D$181,"Sicherheit-/Normprüfung",Prüfanforderungen!$K$3:$K$181,">=0")=0,"Preis auf Anfrage",SUMIFS(Prüfanforderungen!$K$3:$K$181,Prüfanforderungen!$P$3:$P$181,$W92,Prüfanforderungen!$D$3:$D$181,"Sicherheit-/Normprüfung")) -> Preis auf Anfrage | P92: =IF(COUNTIFS(Prüfanforderungen!$P$3:$P$181,$W92,Prüfanforderungen!$D$3:$D$181,"FFU/Fitting",Prüfanforderungen!$K$3:$K$181,">=0")=0,"Preis auf Anfrage",SUMIFS(Prüfanforderungen!$K$3:$K$181,Prüfanforderungen!$P$3:$P$181,$W92,Prüfanforderungen!$D$3:$D$181,"FFU/Fitting")) -> Preis auf Anfrage | S92: =IF(COUNTIFS(Prüfanforderungen!$P$3:$P$181,$W92,Prüfanforderungen!$D$3:$D$181,"NGO / StiWa",Prüfanforderungen!$K$3:$K$181,">=0")=0,"Preis auf Anfrage",SUMIFS(Prüfanforderungen!$K$3:$K$181,Prüfanforderungen!$P$3:$P$181,$W92,Prüfanforderungen!$D$3:$D$181,"NGO / StiWa")) -> Preis auf Anfrage | W92: 25584028-12a1-4fa8-bfab-3353286ba0da
A93: Haushalt/Beauty | B93: Kosmetik | C93: 325310 | D93: Beheizbare Wimpernbürste | E93: =IF(COUNTIFS(Prüfanforderungen!$P$3:$P$181,$W93)=0,"keine Norm hinterlegt",IF($L93=0,"0 € hinterlegt","")) -> 0 € hinterlegt | F93: Nein | G93: 5 | I93: Nein | J93: Nein | K93: Sicherheit / Normprüfung - Produktsicherheit Teilprüfung nach EN 60335-2-23 Sicherheit / Normprüfung - Produktsicherheit Akku-Sicherheitskurzcheck Produkte mit Akku jeder Größe werden nach 163_PPM_TGS_REV_A_ Akku-Sicherheitskurzcheck Lidl geprüft | L93: =IF(COUNTIFS(Prüfanforderungen!$P$3:$P$181,$W93,Prüfanforderungen!$D$3:$D$181,"Sicherheit-/Normprüfung",Prüfanforderungen!$K$3:$K$181,">=0")=0,"Preis auf Anfrage",SUMIFS(Prüfanforderungen!$K$3:$K$181,Prüfanforderungen!$P$3:$P$181,$W93,Prüfanforderungen!$D$3:$D$181,"Sicherheit-/Normprüfung")) -> 0 | N93: Sicherheit / Normprüfung - Produktsicherheit Teilprüfung nach EN 60335-2-23 Sicherheit / Normprüfung - Produktsicherheit Akku-Sicherheitskurzcheck Produkte mit Akku jeder Größe werden nach 163_PPM_TGS_REV_A_ Akku-Sicherheitskurzcheck Lidl geprüft: EE | P93: =IF(COUNTIFS(Prüfanforderungen!$P$3:$P$181,$W93,Prüfanforderungen!$D$3:$D$181,"FFU/Fitting",Prüfanforderungen!$K$3:$K$181,">=0")=0,"Preis auf Anfrage",SUMIFS(Prüfanforderungen!$K$3:$K$181,Prüfanforderungen!$P$3:$P$181,$W93,Prüfanforderungen!$D$3:$D$181,"FFU/Fitting")) -> Preis auf Anfrage | S93: =IF(COUNTIFS(Prüfanforderungen!$P$3:$P$181,$W93,Prüfanforderungen!$D$3:$D$181,"NGO / StiWa",Prüfanforderungen!$K$3:$K$181,">=0")=0,"Preis auf Anfrage",SUMIFS(Prüfanforderungen!$K$3:$K$181,Prüfanforderungen!$P$3:$P$181,$W93,Prüfanforderungen!$D$3:$D$181,"NGO / StiWa")) -> Preis auf Anfrage | V93: 1700 | W93: ef42effd-6111-4335-aabd-5a35cbfcd102
A94: Haushalt/Beauty | B94: Kosmetik | C94: 325310 | D94: Kosmetikspiegel LED | E94: =IF(COUNTIFS(Prüfanforderungen!$P$3:$P$181,$W94)=0,"keine Norm hinterlegt",IF($L94=0,"0 € hinterlegt","")) -> 0 € hinterlegt | F94: Nein | G94: 7 | I94: Nein | J94: Nein | K94: Sicherheit- / Normprüfung EN 60598-2 -Cl. 4.12 - Prüfung der Dauerhaftigkeit und der Erwärmung -Cl. 4.15 - Wärmebeständigkeit, Feuerbeständigkeit und Kriechstromfestigkeit | L94: =IF(COUNTIFS(Prüfanforderungen!$P$3:$P$181,$W94,Prüfanforderungen!$D$3:$D$181,"Sicherheit-/Normprüfung",Prüfanforderungen!$K$3:$K$181,">=0")=0,"Preis auf Anfrage",SUMIFS(Prüfanforderungen!$K$3:$K$181,Prüfanforderungen!$P$3:$P$181,$W94,Prüfanforderungen!$D$3:$D$181,"Sicherheit-/Normprüfung")) -> 0 | N94: Sicherheit- / Normprüfung EN 60598-2 -Cl. 4.12 - Prüfung der Dauerhaftigkeit und der Erwärmung -Cl. 4.15 - Wärmebeständigkeit, Feuerbeständigkeit und Kriechstromfestigkeit: EE | O94: FFU im Feld mit Probanden (162_PPM_TGS_Kosmetikspiegel mit Beleuchtung) FFU Prüfung nach internem PPM | P94: =IF(COUNTIFS(Prüfanforderungen!$P$3:$P$181,$W94,Prüfanforderungen!$D$3:$D$181,"FFU/Fitting",Prüfanforderungen!$K$3:$K$181,">=0")=0,"Preis auf Anfrage",SUMIFS(Prüfanforderungen!$K$3:$K$181,Prüfanforderungen!$P$3:$P$181,$W94,Prüfanforderungen!$D$3:$D$181,"FFU/Fitting")) -> 1350 | S94: =IF(COUNTIFS(Prüfanforderungen!$P$3:$P$181,$W94,Prüfanforderungen!$D$3:$D$181,"NGO / StiWa",Prüfanforderungen!$K$3:$K$181,">=0")=0,"Preis auf Anfrage",SUMIFS(Prüfanforderungen!$K$3:$K$181,Prüfanforderungen!$P$3:$P$181,$W94,Prüfanforderungen!$D$3:$D$181,"NGO / StiWa")) -> Preis auf Anfrage | V94: 750 | W94: 771901d4-3d75-4ea3-8e2b-a8888a9c47b1
